Workbook
Name building_layer: [1]Dropdowns!$D$5:$D$7
Name Densities: [1]Densities!$A$4:$E$410
Name dimension_calc: [1]Dropdowns!$T$5:$T$8
Name Level1_matcat: [1]Material_classif_dropdowns!$B$5:$B$14
Name Material_categories: '[1]Crossmatch material classific.'!$A$1:$Z$491

Sheet Progress Notes
A1: Date | B1: Sheet | C1: Note | D1: Status | H1: Reference (Så byggdes husen 1880 - 2020) | I1: Archetype | J1: ROOF | K1: TOP_FLOOR | L1: INTERMEDIATE_FLOOR | M1: GROUND_FLOOR | N1: BASEMENT_FLOOR | O1: EXT_WALL_LOW | P1: EXT_WALL_MEDIUM | Q1: EXT_WALL_HIGH | R1: BASEMENT_WALL | S1: INT_WALL_LOADBEARING | T1: INT_WALL_NONLOADBEARING | U1: EXT_WALL
A2: Date of change/comment. | B2: The sheet that changes/comments concern | C2: Short description of content | D2: Completed/Pending | H2: Page 80 - 81 | I2: CMF_1940_1 | J2: x | K2: x | L2: x | M2: x | N2: x | R2: x | S2: x | T2: x | U2: x
A3: 45989 | B3: Opaque_Materials & Window_Materials | C3: Complete adding the materials for the two archetypes | D3: Completed | H3: Page 94 - 95 | I3: CMF_1950 | J3: x | K3: x | L3: x | M3: x | N3: x | O3: x | P3: x | Q3: x | R3: x | S3: x
A4: 45989 | B4: Opaque_Materials & Window_Materials | C4: Confidence matching between Id's (create a new column for boverket and one for honeybee high-low confidence) | D4: Completed | I4: CMF_1960_1 | J4: x | K4: x | L4: x | M4: x | S4: x | T4: x | U4: x
A5: 45989 | B5: Opaque_Materials & Window_Materials | C5: Naming needs to be cleaned up; lowercase, no spaces no special characters...all similar and remove duplicates | D5: Completed | H5: Page 98 - 99 | I5: CMF_1960_2 | J5: x | K5: x | L5: x | M5: x | N5: x | R5: x | S5: x | U5: x
A6: 45989 | B6: Opaque_Materials & Window_Materials | C6: Double check that all of the honeybee materials are not of no mass type | D6: Pending | H6: Pages 112 - 113 | I6: CMF_1970 | J6: x | K6: x | L6: x | M6: x | S6: x | U6: x
A7: 45989 | B7: Layers | C7: split the layer names column into name and materials that its made up of | D7: Completed | H7: Pages 112 - 113 | I7: CMF_1980 | J7: x | K7: x | L7: x | M7: x | S7: x | U7: x
A8: 45989 | B8: Layers | C8: Identify which layers need to have a composite u-value (need area fraction), add flag (column) that signifies if its a composite layer or not | D8: Completed
A9: Friday, 5 December 2025 | B9: Opaque_Materials & Window_Materials | C9: add ignore column for red ones to keep track of not used materials | D9: Completed
A10: Friday, 5 December 2025 | B10: All Sheets | C10: Documentation/logbok when its finished to track process | D10: Pending
A11: Friday, 5 December 2025 | B11: Opaque_Materials & Window_Materials | C11: Mark the lowconfidence w pink | D11: Completed
A12: Thursday, 11 December 2025 | B12: Window_Materials | C12: Complete exteral database mapping and specifically to simple glazing materials in the Honeybee library and do a confidence scoring for the materials | D12: Maculated
A13: Thursday, 11 December 2025 | B13: All Sheets | C13: For the current archetypes, identify components, layers and materials for internal structures from the BUD_MI data | D13: Pending
A14: Thursday, 11 December 2025 | B14: Components | C14: Add column or switch out Component Name for a code describing the components similar to the Layer codes. Also Switch out the Layer identifier for the layer code instead | D14: Completed
A15: Thursday, 11 December 2025 | B15: Elements | C15: Make a sheet for Elements that should be combinations of components. Make sure to add a column for area ratio of component relative the total area of overall element | D15: Pending
A16: Thursday, 11 December 2025 | B16: Components | C16: Syncronise components in Excel with Enums in Python script | D16: Completed
A17: Thursday, 11 December 2025 | B17: Components | C17: Add component codes for all components and clean up window components so that they refer back to layers using simple glazing materials | D17: Completed
A18: Friday, 12 December 2025 | B18: Components | C18: For tall buildings, move no. Floors to notes and categorize between low, mid, high | D18: Completed
A19: Tuesday, 20 January 2026 | B19: Layers, Components | C19: Add data for CMF_1940_1 bottom floor from BUD_MI | D19: Completed
C22: Simulation workflow, what tests we have ran for sensitivty analysis. Why do we do these analysis? Cold attic, heating setpoints etc.
C23: Ask questions about renovation stratergies

Sheet Legend
A1: Formula (Only extend downwards when adding data)
A2: Optional Input
A3: Data Validation (Choose from dropdown list to ensure data is linked)
A4: Conditional Formatting
A5: Conditional Formatting
A6: Conditional Formatting
A7: Manual Input

Sheet Opaque_Materials
A1: Material Name | B1: Ignore? | C1: Boverket ID | D1: Boverket Match Confidence | E1: Honeybee Identifier | F1: Honeybee Match Confidence | G1: Combined Match Confidence
A2: Human-readable material name for the matched materials. | B2: An X if the material should be ignored/not used | C2: Boverket ID to inherit environmental impact values | D2: A confidence score (1-10) for how good the match between BUD_MI and Boverket is. | E2: Honeybee Materal name (identifier) to inherit thermal material properties | F2: A confidence score (1-10) for how good the match between BUD_MI and Honeybee is. | G2: Average confidence score between BUD_MI and Boverket and BUD_MI and Honeybee.
A3: wooden_stud | C3: 6000000007 | D3: 9 | E3: Std Wood 6 in. | F3: 9 | G3: =(D3+F3)/2 -> 9
A4: wooden_beam | C4: 6000000007 | D4: 9 | E4: Std Wood 6 in. | F4: 9 | G4: =(D4+F4)/2 -> 9
A5: wooden_rafter | C5: 6000000007 | D5: 9 | E5: Std Wood 6 in. | F5: 9 | G5: =(D5+F5)/2 -> 9
A6: wooden_panel | C6: 6000000007 | D6: 9 | E6: Std Wood 6 in. | F6: 9 | G6: =(D6+F6)/2 -> 9
A7: galvanized_sheet_metal | C7: 6000000221 | D7: 8 | E7: F08 Metal surface | F7: 6 | G7: =(D7+F7)/2 -> 7
A8: granulated_blast_furnace_slag | C8: 6000000085 | D8: 3 | E8: M11 100mm lightweight concrete | F8: 6 | G8: =(D8+F8)/2 -> 4.5
A9: concrete | C9: 6000000029 | D9: 9 | E9: 100mm Normalweight concrete floor | F9: 9 | G9: =(D9+F9)/2 -> 9
A10: lime_plaster | C10: 6000000094 | D10: 10 | E10: 25mm Stucco | F10: 10 | G10: =(D10+F10)/2 -> 10
A11: lightweight_concrete | C11: 6000000096 | D11: 8 | E11: M11 100mm lightweight concrete | F11: 10 | G11: =(D11+F11)/2 -> 9
A12: terrasit_plaster | C12: 6000000092 | D12: 9 | E12: 25mm Stucco | F12: 8 | G12: =(D12+F12)/2 -> 8.5
A13: mortar | C13: 6000000092 | D13: 9 | E13: 1IN Stucco | F13: 7 | G13: =(D13+F13)/2 -> 8
A14: plastic_mat | C14: 6000000210 | D14: 5 | E14: Roof Membrane | F14: 1 | G14: =(D14+F14)/2 -> 3
... A34: wooden_truss | C34: 6000000007 | D34: 8 | E34: Std Wood 6 in. | F34: 8 | G34: =(D34+F34)/2 -> 8
A35: reinforced concrete: steel | B35: X | C35: 6000000155 | D35: 10 | E35: F08 Metal surface | F35: 7 | G35: =(D35+F35)/2 -> 8.5
A36: asbestos_cement_board | C36: 6000000193 | D36: 3 | E36: Dry Dust | F36: 5 | G36: =(D36+F36)/2 -> 4
A37: foil | C37: 6000000198 | D37: 10 | E37: Roof Membrane | F37: 1 | G37: =(D37+F37)/2 -> 5.5
A38: gypsum_board | C38: 6000000020 | D38: 10 | E38: 5/8 in. Gypsum Board | F38: 10 | G38: =(D38+F38)/2 -> 10
A39: wooden_frame | C39: 6000000007 | D39: 8 | E39: Std Wood 6 in. | F39: 8 | G39: =(D39+F39)/2 -> 8
A40: lightweight_concrete_beam | B40: X | C40: 6000000096 | D40: 8 | E40: M11 100mm lightweight concrete | F40: 10 | G40: =(D40+F40)/2 -> 9
A41: beam_plate | B41: X | C41: 6000000221 | D41: 8 | E41: F08 Metal surface | F41: 9 | G41: =(D41+F41)/2 -> 8.5
A42: battens | C42: 6000000007 | D42: 8 | E42: Std Wood 6 in. | F42: 8 | G42: =(D42+F42)/2 -> 8
A43: ceramic_tile | C43: 6000000081 | D43: 5 | E43: HW CONCRETE | F43: 2 | G43: =(D43+F43)/2 -> 3.5
A44: paper | C44: 6000000141 | D44: 10 | E44: Roof Membrane | F44: 8 | G44: =(D44+F44)/2 -> 9
A45: wood_shavings | C45: 6000000000 | D45: 5 | E45: Wood Shavings (created) | F45: 5 | G45: =(D45+F45)/2 -> 5
A46: floorboard | C46: 6000000007 | D46: 10 | E46: Wood Siding | F46: 10 | G46: =(D46+F46)/2 -> 10
A47: vinyl_flooring | C47: 6000000224 | D47: 5 | E47: Roof Membrane | F47: 5 | G47: =(D47+F47)/2 -> 5
A48: membrane | C48: 6000000198 | D48: 7 | E48: Roof Membrane | F48: 8 | G48: =(D48+F48)/2 -> 7.5
A49: plaster | C49: 6000000091 | D49: 10 | E49: 1IN Stucco | F49: 10 | G49: =(D49+F49)/2 -> 10
A50: wooden frame pane windows | B50: X | C50: 6000000007 | D50: 8 | E50: Std Wood 6 in. | F50: 8 | G50: =(D50+F50)/2 -> 8
A51: wooden_frame | B51: X | C51: 6000000007 | D51: 8 | E51: Std Wood 6 in. | F51: 8 | G51: =(D51+F51)/2 -> 8
A52: cardboard | C52: 6000000141 | E52: Wood Siding | F52: 8 | G52: =(D52+F52)/2 -> 4
A53: concrete_tile | C53: 6000000081 | D53: 5 | E53: HW CONCRETE | F53: 2 | G53: =(D53+F53)/2 -> 3.5
A54: waterproof_membrane | C54: 6000000224 | D54: 4 | E54: Roof Membrane | F54: 5 | G54: =(D54+F54)/2 -> 4.5
A55: wood_wool_board | C55: 6000000222 | D55: 5 | E55: Cement Bonded Particleboard (created) | F55: 5 | G55: =(D55+F55)/2 -> 5
A56: sand | C56: 6000000084 | D56: 4 | E56: Dry Sand | F56: 9 | G56: =(D56+F56)/2 -> 6.5
A57: cellular_plastic | C57: 6000000210 | D57: 8 | E57: Roof Membrane | F57: 3 | G57: =(D57+F57)/2 -> 5.5
A58: gravel | C58: 6000000084 | D58: 2 | E58: Solid Rock | F58: 6 | G58: =(D58+F58)/2 -> 4
A59: plywood | C59: 6000000023 | D59: 10 | E59: Plywood - 5/8 in. CBES | F59: 10 | G59: =(D59+F59)/2 -> 10
A60: air_gap | C60: 6000000174 | D60: 5 | E60: Air Wall (created) | F60: 10 | G60: =(D60+F60)/2 -> 7.5

Sheet Window_Materials
A1: Material Name | B1: Boverket ID | C1: Boverket Match Confidence | D1: EnergyPlus Identifier | E1: Honeybee Match Confidence | F1: Combined Match Confidence
A2: Human-readable material name for the matched materials. | B2: Boverket ID to inherit environmental impact values | C2: A confidence score (1-10) for how good the match between BUD_MI and Boverket is. | D2: Honeybee Materal name (identifier) to inherit thermal material properties | E2: A confidence score (1-10) for how good the match between BUD_MI and Honeybee is. | F2: Average confidence score between BUD_MI and Boverket and BUD_MI and Honeybee.
A3: Wooden frame | B3: 6000000007 | C3: 8 | D3: Std Wood 6 in. | E3: 8
A4: Glass | B4: 6000000122 | C4: 9 | D4: CLEAR 3MM | E4: 9
A5: wooden frame double pane windows | B5: 6000000007 | C5: 8 | D5: Std Wood 6 in. | E5: 8
A6: 2 pane glass | B6: 6000000122 | C6: 9 | D6: CLEAR 3MM | E6: 9
A7: 3 pane glass | B7: 6000000122 | C7: 9 | D7: CLEAR 3MM | E7: 9
A8: Wooden frame | B8: 6000000007 | C8: 8 | D8: Std Wood 6 in. | E8: 8
A12: Window, wood, fixed, 3-glass | B12: 6000000109 | D12: Std Wood 6 in.
D13: CLEAR 3MM

Sheet Layers
A1: Layer Code | B1: Layer Thickness | C1: Composite Layer? | D1: Material 1 | E1: Material 1 Area Ratio | F1: Material 2 | G1: Material 2 Area Ratio | H1: Material 3 | I1: Material 3 Area Ratio | J1: Notes from Så byggdes husen 1880-2010 | K1: Ignore? | L1: Layer Use Intesity | M1: Duplicate Check
A2: Layer code Material1_Material2_Thickness_SingleOrComposite | B2: Thickness of the layer in m. | C2: S for single material layer and C for composite layer | D2: If Composite Layer = No, Only this material column should be filled | E2: If Composite Layer = Yes: In-plane area ratio of material 1 in layer. | F2: If Composite Layer = Yes, this column should consist of the second material in the layer | G2: If Composite Layer = Yes: In-plane area ratio of material 2 in layer. | H2: If Composite Layer = Yes, this column should consist of the third material in the layer (if it exists) | I2: If Composite Layer = Yes: In-plane area ratio of material 3 in layer. | J2: Qualitative information about the layers. | K2: An X if the layer should be ignored/not used | L2: Represents how many times a layer is being used in the components sheet | M2: Returns how many times each layer occurs in this sheet. Should be 1 to avoid duplicate defenitons
A3: =UPPER(D3) &IF(F3<>"","_"&UPPER(F3),"") &IF(H3<>"","_"&UPPER(H3),"") &"_"&TRIM(_xlfn.TEXTAFTER(B3,",")) &"_"&C3 -> WOODEN_BEAM_1524_S | B3: 0.1524 | C3: S | D3: wooden_beam | J3: Spanning longside - long side | L3: =COUNTIF(Components!$B$3:$B$302,A3) -> 1 | M3: =COUNTIF($A$3:$A$308,A3) -> 1
A4: =UPPER(D4) &IF(F4<>"","_"&UPPER(F4),"") &IF(H4<>"","_"&UPPER(H4),"") &"_"&TRIM(_xlfn.TEXTAFTER(B4,",")) &"_"&C4 -> WOODEN_RAFTER_1016_S | B4: 0.1016 | C4: S | D4: wooden_rafter | J4: Resting on top wooden beams with c-c 1,2 m | L4: =COUNTIF(Components!$B$3:$B$302,A4) -> 1 | M4: =COUNTIF($A$3:$A$308,A4) -> 1
A5: =UPPER(D5) &IF(F5<>"","_"&UPPER(F5),"") &IF(H5<>"","_"&UPPER(H5),"") &"_"&TRIM(_xlfn.TEXTAFTER(B5,",")) &"_"&C5 -> WOODEN_PANEL_038_S | B5: 0.038 | C5: S | D5: wooden_panel | J5: Positioned directly under galvanized metal sheets | L5: =COUNTIF(Components!$B$3:$B$302,A5) -> 1 | M5: =COUNTIF($A$3:$A$308,A5) -> 1
A6: =UPPER(D6) &IF(F6<>"","_"&UPPER(F6),"") &IF(H6<>"","_"&UPPER(H6),"") &"_"&TRIM(_xlfn.TEXTAFTER(B6,",")) &"_"&C6 -> GALVANIZED_SHEET_METAL_003_S | B6: 0.003 | C6: S | D6: galvanized_sheet_metal | L6: =COUNTIF(Components!$B$3:$B$302,A6) -> 3 | M6: =COUNTIF($A$3:$A$308,A6) -> 1
A7: =UPPER(D7) &IF(F7<>"","_"&UPPER(F7),"") &IF(H7<>"","_"&UPPER(H7),"") &"_"&TRIM(_xlfn.TEXTAFTER(B7,",")) &"_"&C7 -> GRANULATED_BLAST_FURNACE_SLAG_15_S | B7: 0.15 | C7: S | D7: granulated_blast_furnace_slag | J7: Insulation layer | L7: =COUNTIF(Components!$B$3:$B$302,A7) -> 1 | M7: =COUNTIF($A$3:$A$308,A7) -> 1
A8: =UPPER(D8) &IF(F8<>"","_"&UPPER(F8),"") &IF(H8<>"","_"&UPPER(H8),"") &"_"&TRIM(_xlfn.TEXTAFTER(B8,",")) &"_"&C8 -> CONCRETE_14_S | B8: 0.14 | C8: S | D8: concrete | L8: =COUNTIF(Components!$B$3:$B$302,A8) -> 3 | M8: =COUNTIF($A$3:$A$308,A8) -> 1
A9: =UPPER(D9) &IF(F9<>"","_"&UPPER(F9),"") &IF(H9<>"","_"&UPPER(H9),"") &"_"&TRIM(_xlfn.TEXTAFTER(B9,",")) &"_"&C9 -> CONCRETE_15_S | B9: 0.15 | C9: S | D9: concrete | L9: =COUNTIF(Components!$B$3:$B$302,A9) -> 6 | M9: =COUNTIF($A$3:$A$308,A9) -> 1
A10: =UPPER(D10) &IF(F10<>"","_"&UPPER(F10),"") &IF(H10<>"","_"&UPPER(H10),"") &"_"&TRIM(_xlfn.TEXTAFTER(B10,",")) &"_"&C10 -> LIGHTWEIGHT_CONCRETE_MORTAR_125_C | B10: 0.125 | C10: C | D10: lightweight_concrete | E10: 0.95 | F10: mortar | G10: 0.05 | J10: Sharing the same space as mortar 12,5 cm vertically | L10: =COUNTIF(Components!$B$3:$B$302,A10) -> 1 | M10: =COUNTIF($A$3:$A$308,A10) -> 1
A11: =UPPER(D11) &IF(F11<>"","_"&UPPER(F11),"") &IF(H11<>"","_"&UPPER(H11),"") &"_"&TRIM(_xlfn.TEXTAFTER(B11,",")) &"_"&C11 -> TERRASIT_PLASTER_005_S | B11: 0.005 | C11: S | D11: terrasit_plaster | L11: =COUNTIF(Components!$B$3:$B$302,A11) -> 3 | M11: =COUNTIF($A$3:$A$308,A11) -> 1
A12: =UPPER(D12) &IF(F12<>"","_"&UPPER(F12),"") &IF(H12<>"","_"&UPPER(H12),"") &"_"&TRIM(_xlfn.TEXTAFTER(B12,",")) &"_"&C12 -> MORTAR_005_S | B12: 0.005 | C12: S | D12: mortar | J12: Was not specified in BUD_MI but in the book (however measurement is assumed) | L12: =COUNTIF(Components!$B$3:$B$302,A12) -> 1 | M12: =COUNTIF($A$3:$A$308,A12) -> 1
A13: =UPPER(D13) &IF(F13<>"","_"&UPPER(F13),"") &IF(H13<>"","_"&UPPER(H13),"") &"_"&TRIM(_xlfn.TEXTAFTER(B13,",")) &"_"&C13 -> LIME_PLASTER_005_S | B13: 0.005 | C13: S | D13: lime_plaster | L13: =COUNTIF(Components!$B$3:$B$302,A13) -> 2 | M13: =COUNTIF($A$3:$A$308,A13) -> 1
A14: =UPPER(D14) &IF(F14<>"","_"&UPPER(F14),"") &IF(H14<>"","_"&UPPER(H14),"") &"_"&TRIM(_xlfn.TEXTAFTER(B14,",")) &"_"&C14 -> LIGHTWEIGHT_CONCRETE_MORTAR_2_C | B14: 0.2 | C14: C | D14: lightweight_concrete | E14: 0.95 | F14: mortar | G14: 0.05 | J14: Assumed in accordance with other lightweight concrete/mortar structures for this building. | L14: =COUNTIF(Components!$B$3:$B$302,A14) -> 1 | M14: =COUNTIF($A$3:$A$308,A14) -> 1
A15: =UPPER(D15) &IF(F15<>"","_"&UPPER(F15),"") &IF(H15<>"","_"&UPPER(H15),"") &"_"&TRIM(_xlfn.TEXTAFTER(B15,",")) &"_"&C15 -> PLASTIC_MAT_01_S | B15: 0.01 | C15: S | D15: plastic_mat | L15: =COUNTIF(Components!$B$3:$B$302,A15) -> 6 | M15: =COUNTIF($A$3:$A$308,A15) -> 1
A16: =UPPER(D16) &IF(F16<>"","_"&UPPER(F16),"") &IF(H16<>"","_"&UPPER(H16),"") &"_"&TRIM(_xlfn.TEXTAFTER(B16,",")) &"_"&C16 -> PLASTER_005_S | B16: 0.005 | C16: S | D16: plaster | L16: =COUNTIF(Components!$B$3:$B$302,A16) -> 8 | M16: =COUNTIF($A$3:$A$308,A16) -> 1
A17: =UPPER(D17) &IF(F17<>"","_"&UPPER(F17),"") &IF(H17<>"","_"&UPPER(H17),"") &"_"&TRIM(_xlfn.TEXTAFTER(B17,",")) &"_"&C17 -> CONCRETE_16_S | B17: 0.16 | C17: S | D17: concrete | L17: =COUNTIF(Components!$B$3:$B$302,A17) -> 9 | M17: =COUNTIF($A$3:$A$308,A17) -> 1
A18: =UPPER(D18) &IF(F18<>"","_"&UPPER(F18),"") &IF(H18<>"","_"&UPPER(H18),"") &"_"&TRIM(_xlfn.TEXTAFTER(B18,",")) &"_"&C18 -> METAL_SHEET_003_S | B18: 0.003 | C18: S | D18: metal_sheet | L18: =COUNTIF(Components!$B$3:$B$302,A18) -> 2 | M18: =COUNTIF($A$3:$A$308,A18) -> 1
A19: =UPPER(D19) &IF(F19<>"","_"&UPPER(F19),"") &IF(H19<>"","_"&UPPER(H19),"") &"_"&TRIM(_xlfn.TEXTAFTER(B19,",")) &"_"&C19 -> BATTENS_1_023_S | B19: 0.023 | C19: S | D19: battens_1 | L19: =COUNTIF(Components!$B$3:$B$302,A19) -> 1 | M19: =COUNTIF($A$3:$A$308,A19) -> 1
A20: =UPPER(D20) &IF(F20<>"","_"&UPPER(F20),"") &IF(H20<>"","_"&UPPER(H20),"") &"_"&TRIM(_xlfn.TEXTAFTER(B20,",")) &"_"&C20 -> BATTENS_2_023_S | B20: 0.023 | C20: S | D20: battens_2 | L20: =COUNTIF(Components!$B$3:$B$302,A20) -> 1 | M20: =COUNTIF($A$3:$A$308,A20) -> 1
A21: =UPPER(D21) &IF(F21<>"","_"&UPPER(F21),"") &IF(H21<>"","_"&UPPER(H21),"") &"_"&TRIM(_xlfn.TEXTAFTER(B21,",")) &"_"&C21 -> ROOFING_FELT_005_S | B21: 0.005 | C21: S | D21: roofing_felt | L21: =COUNTIF(Components!$B$3:$B$302,A21) -> 1 | M21: =COUNTIF($A$3:$A$308,A21) -> 1
A22: =UPPER(D22) &IF(F22<>"","_"&UPPER(F22),"") &IF(H22<>"","_"&UPPER(H22),"") &"_"&TRIM(_xlfn.TEXTAFTER(B22,",")) &"_"&C22 -> WOODEN_PANEL_0254_S | B22: 0.0254 | C22: S | D22: wooden_panel | L22: =COUNTIF(Components!$B$3:$B$302,A22) -> 0 | M22: =COUNTIF($A$3:$A$308,A22) -> 1
A23: =UPPER(D23) &IF(F23<>"","_"&UPPER(F23),"") &IF(H23<>"","_"&UPPER(H23),"") &"_"&TRIM(_xlfn.TEXTAFTER(B23,",")) &"_"&C23 -> BRICK_MORTAR_125_C | B23: 0.125 | C23: C | D23: brick | E23: 0.85 | F23: mortar | G23: 0.15 | L23: =COUNTIF(Components!$B$3:$B$302,A23) -> 1 | M23: =COUNTIF($A$3:$A$308,A23) -> 1
A24: =UPPER(D24) &IF(F24<>"","_"&UPPER(F24),"") &IF(H24<>"","_"&UPPER(H24),"") &"_"&TRIM(_xlfn.TEXTAFTER(B24,",")) &"_"&C24 -> MINERAL_WOOL_WOODEN_STUD_095_C | B24: 0.095 | C24: C | D24: mineral_wool | E24: 0.9 | F24: wooden_stud | G24: 0.1 | J24: Assumed to be parallel vertically with studs and therefore has the same thickness, original thickness in BUD_MI was 5 cm | L24: =COUNTIF(Components!$B$3:$B$302,A24) -> 1 | M24: =COUNTIF($A$3:$A$308,A24) -> 1
A25: =UPPER(D25) &IF(F25<>"","_"&UPPER(F25),"") &IF(H25<>"","_"&UPPER(H25),"") &"_"&TRIM(_xlfn.TEXTAFTER(B25,",")) &"_"&C25 -> ETERNIT_BOARD_009_S | B25: 0.009 | C25: S | D25: eternit_board | L25: =COUNTIF(Components!$B$3:$B$302,A25) -> 1 | M25: =COUNTIF($A$3:$A$308,A25) -> 1
A26: =UPPER(D26) &IF(F26<>"","_"&UPPER(F26),"") &IF(H26<>"","_"&UPPER(H26),"") &"_"&TRIM(_xlfn.TEXTAFTER(B26,",")) &"_"&C26 -> ASPHALT_BOARD_012_S | B26: 0.012 | C26: S | D26: asphalt_board | L26: =COUNTIF(Components!$B$3:$B$302,A26) -> 1 | M26: =COUNTIF($A$3:$A$308,A26) -> 1
A27: =UPPER(D27) &IF(F27<>"","_"&UPPER(F27),"") &IF(H27<>"","_"&UPPER(H27),"") &"_"&TRIM(_xlfn.TEXTAFTER(B27,",")) &"_"&C27 -> PLASTER_BOARD_013_S | B27: 0.013 | C27: S | D27: plaster_board | L27: =COUNTIF(Components!$B$3:$B$302,A27) -> 2 | M27: =COUNTIF($A$3:$A$308,A27) -> 1
A28: =UPPER(D28) &IF(F28<>"","_"&UPPER(F28),"") &IF(H28<>"","_"&UPPER(H28),"") &"_"&TRIM(_xlfn.TEXTAFTER(B28,",")) &"_"&C28 -> LINOLEUM_01_S | B28: 0.01 | C28: S | D28: linoleum | L28: =COUNTIF(Components!$B$3:$B$302,A28) -> 4 | M28: =COUNTIF($A$3:$A$308,A28) -> 1
A29: =UPPER(D29) &IF(F29<>"","_"&UPPER(F29),"") &IF(H29<>"","_"&UPPER(H29),"") &"_"&TRIM(_xlfn.TEXTAFTER(B29,",")) &"_"&C29 -> LECA_15_S | B29: 0.15 | C29: S | D29: leca | L29: =COUNTIF(Components!$B$3:$B$302,A29) -> 1 | M29: =COUNTIF($A$3:$A$308,A29) -> 1
A30: =UPPER(D30) &IF(F30<>"","_"&UPPER(F30),"") &IF(H30<>"","_"&UPPER(H30),"") &"_"&TRIM(_xlfn.TEXTAFTER(B30,",")) &"_"&C30 -> CARDBOARD_005_S | B30: 0.005 | C30: S | D30: cardboard | L30: =COUNTIF(Components!$B$3:$B$302,A30) -> 2 | M30: =COUNTIF($A$3:$A$308,A30) -> 1
A31: =UPPER(D31) &IF(F31<>"","_"&UPPER(F31),"") &IF(H31<>"","_"&UPPER(H31),"") &"_"&TRIM(_xlfn.TEXTAFTER(B31,",")) &"_"&C31 -> MINERAL_WOOL_BLANKET_03_S | B31: 0.03 | C31: S | D31: mineral_wool_blanket | L31: =COUNTIF(Components!$B$3:$B$302,A31) -> 2 | M31: =COUNTIF($A$3:$A$308,A31) -> 1
A32: =UPPER(D32) &IF(F32<>"","_"&UPPER(F32),"") &IF(H32<>"","_"&UPPER(H32),"") &"_"&TRIM(_xlfn.TEXTAFTER(B32,",")) &"_"&C32 -> MINERAL_WOOL_CARPET_2_S | B32: 0.2 | C32: S | D32: mineral_wool_carpet | L32: =COUNTIF(Components!$B$3:$B$302,A32) -> 1 | M32: =COUNTIF($A$3:$A$308,A32) -> 1
A33: =UPPER(D33) &IF(F33<>"","_"&UPPER(F33),"") &IF(H33<>"","_"&UPPER(H33),"") &"_"&TRIM(_xlfn.TEXTAFTER(B33,",")) &"_"&C33 -> ROOFING_FELT_01_S | B33: 0.01 | C33: S | D33: roofing_felt | L33: =COUNTIF(Components!$B$3:$B$302,A33) -> 1 | M33: =COUNTIF($A$3:$A$308,A33) -> 1
A34: =UPPER(D34) &IF(F34<>"","_"&UPPER(F34),"") &IF(H34<>"","_"&UPPER(H34),"") &"_"&TRIM(_xlfn.TEXTAFTER(B34,",")) &"_"&C34 -> WOODEN_TRUSS_05_S | B34: 0.05 | C34: S | D34: wooden_truss | K34: X | L34: =COUNTIF(Components!$B$3:$B$302,A34) -> 1 | M34: =COUNTIF($A$3:$A$308,A34) -> 1
A35: =UPPER(D35) &IF(F35<>"","_"&UPPER(F35),"") &IF(H35<>"","_"&UPPER(H35),"") &"_"&TRIM(_xlfn.TEXTAFTER(B35,",")) &"_"&C35 -> LIGHTWEIGHT_CONCRETE_MORTAR_15_C | B35: 0.15 | C35: C | D35: lightweight_concrete | E35: 0.95 | F35: mortar | G35: 0.05 | L35: =COUNTIF(Components!$B$3:$B$302,A35) -> 1 | M35: =COUNTIF($A$3:$A$308,A35) -> 1
A36: =UPPER(D36) &IF(F36<>"","_"&UPPER(F36),"") &IF(H36<>"","_"&UPPER(H36),"") &"_"&TRIM(_xlfn.TEXTAFTER(B36,",")) &"_"&C36 -> ASBESTOS_CEMENT_BOARD_01_S | B36: 0.01 | C36: S | D36: asbestos_cement_board | L36: =COUNTIF(Components!$B$3:$B$302,A36) -> 1 | M36: =COUNTIF($A$3:$A$308,A36) -> 1
A37: =UPPER(D37) &IF(F37<>"","_"&UPPER(F37),"") &IF(H37<>"","_"&UPPER(H37),"") &"_"&TRIM(_xlfn.TEXTAFTER(B37,",")) &"_"&C37 -> ASPHALT_BOARD_01_S | B37: 0.01 | C37: S | D37: asphalt_board | L37: =COUNTIF(Components!$B$3:$B$302,A37) -> 1 | M37: =COUNTIF($A$3:$A$308,A37) -> 1
A38: =UPPER(D38) &IF(F38<>"","_"&UPPER(F38),"") &IF(H38<>"","_"&UPPER(H38),"") &"_"&TRIM(_xlfn.TEXTAFTER(B38,",")) &"_"&C38 -> MINERAL_WOOL_WOODEN_STUD_05_C | B38: 0.05 | C38: C | D38: mineral_wool | E38: 0.9 | F38: wooden_stud | G38: 0.1 | J38: Not sure about this measurement | L38: =COUNTIF(Components!$B$3:$B$302,A38) -> 1 | M38: =COUNTIF($A$3:$A$308,A38) -> 1
A39: =UPPER(D39) &IF(F39<>"","_"&UPPER(F39),"") &IF(H39<>"","_"&UPPER(H39),"") &"_"&TRIM(_xlfn.TEXTAFTER(B39,",")) &"_"&C39 -> FOIL_001_S | B39: 0.001 | C39: S | D39: foil | L39: =COUNTIF(Components!$B$3:$B$302,A39) -> 2 | M39: =COUNTIF($A$3:$A$308,A39) -> 1
A40: =UPPER(D40) &IF(F40<>"","_"&UPPER(F40),"") &IF(H40<>"","_"&UPPER(H40),"") &"_"&TRIM(_xlfn.TEXTAFTER(B40,",")) &"_"&C40 -> BATTENS_1_04_S | B40: 0.04 | C40: S | D40: battens_1 | L40: =COUNTIF(Components!$B$3:$B$302,A40) -> 1 | M40: =COUNTIF($A$3:$A$308,A40) -> 1
A41: =UPPER(D41) &IF(F41<>"","_"&UPPER(F41),"") &IF(H41<>"","_"&UPPER(H41),"") &"_"&TRIM(_xlfn.TEXTAFTER(B41,",")) &"_"&C41 -> BATTENS_2_04_S | B41: 0.04 | C41: S | D41: battens_2 | L41: =COUNTIF(Components!$B$3:$B$302,A41) -> 1 | M41: =COUNTIF($A$3:$A$308,A41) -> 1
A42: =UPPER(D42) &IF(F42<>"","_"&UPPER(F42),"") &IF(H42<>"","_"&UPPER(H42),"") &"_"&TRIM(_xlfn.TEXTAFTER(B42,",")) &"_"&C42 -> WOODEN_PANEL_03_S | B42: 0.03 | C42: S | D42: wooden_panel | L42: =COUNTIF(Components!$B$3:$B$302,A42) -> 3 | M42: =COUNTIF($A$3:$A$308,A42) -> 1
A43: =UPPER(D43) &IF(F43<>"","_"&UPPER(F43),"") &IF(H43<>"","_"&UPPER(H43),"") &"_"&TRIM(_xlfn.TEXTAFTER(B43,",")) &"_"&C43 -> CONCRETE_TILE_03_S | B43: 0.03 | C43: S | D43: concrete_tile | L43: =COUNTIF(Components!$B$3:$B$302,A43) -> 1 | M43: =COUNTIF($A$3:$A$308,A43) -> 1
A44: =UPPER(D44) &IF(F44<>"","_"&UPPER(F44),"") &IF(H44<>"","_"&UPPER(H44),"") &"_"&TRIM(_xlfn.TEXTAFTER(B44,",")) &"_"&C44 -> WOOD_SHAVINGS_15_S | B44: 0.15 | C44: S | D44: wood_shavings | L44: =COUNTIF(Components!$B$3:$B$302,A44) -> 1 | M44: =COUNTIF($A$3:$A$308,A44) -> 1
A45: =UPPER(D45) &IF(F45<>"","_"&UPPER(F45),"") &IF(H45<>"","_"&UPPER(H45),"") &"_"&TRIM(_xlfn.TEXTAFTER(B45,",")) &"_"&C45 -> FLOORBOARD_04_S | B45: 0.04 | C45: S | D45: floorboard | L45: =COUNTIF(Components!$B$3:$B$302,A45) -> 0 | M45: =COUNTIF($A$3:$A$308,A45) -> 1
A46: =UPPER(D46) &IF(F46<>"","_"&UPPER(F46),"") &IF(H46<>"","_"&UPPER(H46),"") &"_"&TRIM(_xlfn.TEXTAFTER(B46,",")) &"_"&C46 -> COKE_ASH_1_S | B46: 0.1 | C46: S | D46: coke_ash | L46: =COUNTIF(Components!$B$3:$B$302,A46) -> 2 | M46: =COUNTIF($A$3:$A$308,A46) -> 1
A47: =UPPER(D47) &IF(F47<>"","_"&UPPER(F47),"") &IF(H47<>"","_"&UPPER(H47),"") &"_"&TRIM(_xlfn.TEXTAFTER(B47,",")) &"_"&C47 -> STUD_05_S | B47: 0.05 | C47: S | D47: stud | L47: =COUNTIF(Components!$B$3:$B$302,A47) -> 1 | M47: =COUNTIF($A$3:$A$308,A47) -> 1
A48: =UPPER(D48) &IF(F48<>"","_"&UPPER(F48),"") &IF(H48<>"","_"&UPPER(H48),"") &"_"&TRIM(_xlfn.TEXTAFTER(B48,",")) &"_"&C48 -> VINYL_FLOORING_04_S | B48: 0.04 | C48: S | D48: vinyl_flooring | J48: couldn't verify source | L48: =COUNTIF(Components!$B$3:$B$302,A48) -> 2 | M48: =COUNTIF($A$3:$A$308,A48) -> 1
A49: =UPPER(D49) &IF(F49<>"","_"&UPPER(F49),"") &IF(H49<>"","_"&UPPER(H49),"") &"_"&TRIM(_xlfn.TEXTAFTER(B49,",")) &"_"&C49 -> CERAMIC_TILE_006_S | B49: 0.006 | C49: S | D49: ceramic_tile | L49: =COUNTIF(Components!$B$3:$B$302,A49) -> 0 | M49: =COUNTIF($A$3:$A$308,A49) -> 1
A50: =UPPER(D50) &IF(F50<>"","_"&UPPER(F50),"") &IF(H50<>"","_"&UPPER(H50),"") &"_"&TRIM(_xlfn.TEXTAFTER(B50,",")) &"_"&C50 -> WATERPROOF_MEMBRANE_03_S | B50: 0.03 | C50: S | D50: waterproof_membrane | J50: couldn't verify source | L50: =COUNTIF(Components!$B$3:$B$302,A50) -> 0 | M50: =COUNTIF($A$3:$A$308,A50) -> 1
A51: =UPPER(D51) &IF(F51<>"","_"&UPPER(F51),"") &IF(H51<>"","_"&UPPER(H51),"") &"_"&TRIM(_xlfn.TEXTAFTER(B51,",")) &"_"&C51 -> CONCRETE_04_S | B51: 0.04 | C51: S | D51: concrete | L51: =COUNTIF(Components!$B$3:$B$302,A51) -> 0 | M51: =COUNTIF($A$3:$A$308,A51) -> 1
A52: =UPPER(D52) &IF(F52<>"","_"&UPPER(F52),"") &IF(H52<>"","_"&UPPER(H52),"") &"_"&TRIM(_xlfn.TEXTAFTER(B52,",")) &"_"&C52 -> LIGHTWEIGHT_CONCRETE_MORTAR_25_C | B52: 0.25 | C52: C | D52: lightweight_concrete | E52: 0.95 | F52: mortar | G52: 0.05 | L52: =COUNTIF(Components!$B$3:$B$302,A52) -> 2 | M52: =COUNTIF($A$3:$A$308,A52) -> 1
A53: =UPPER(D53) &IF(F53<>"","_"&UPPER(F53),"") &IF(H53<>"","_"&UPPER(H53),"") &"_"&TRIM(_xlfn.TEXTAFTER(B53,",")) &"_"&C53 -> CONCRETE_2_S | B53: 0.2 | C53: S | D53: concrete | L53: =COUNTIF(Components!$B$3:$B$302,A53) -> 5 | M53: =COUNTIF($A$3:$A$308,A53) -> 1
A54: =UPPER(D54) &IF(F54<>"","_"&UPPER(F54),"") &IF(H54<>"","_"&UPPER(H54),"") &"_"&TRIM(_xlfn.TEXTAFTER(B54,",")) &"_"&C54 -> PLASTER_01_S | B54: 0.01 | C54: S | D54: plaster | L54: =COUNTIF(Components!$B$3:$B$302,A54) -> 6 | M54: =COUNTIF($A$3:$A$308,A54) -> 1
A55: =UPPER(D55) &IF(F55<>"","_"&UPPER(F55),"") &IF(H55<>"","_"&UPPER(H55),"") &"_"&TRIM(_xlfn.TEXTAFTER(B55,",")) &"_"&C55 -> CONCRETE_07_S | B55: 0.07 | C55: S | D55: concrete | L55: =COUNTIF(Components!$B$3:$B$302,A55) -> 2 | M55: =COUNTIF($A$3:$A$308,A55) -> 1
A56: =UPPER(D56) &IF(F56<>"","_"&UPPER(F56),"") &IF(H56<>"","_"&UPPER(H56),"") &"_"&TRIM(_xlfn.TEXTAFTER(B56,",")) &"_"&C56 -> BRICK_MORTAR_2_C | B56: 0.2 | C56: C | D56: brick | E56: 0.85 | F56: mortar | G56: 0.15 | L56: =COUNTIF(Components!$B$3:$B$302,A56) -> 0 | M56: =COUNTIF($A$3:$A$308,A56) -> 1
A57: =UPPER(D57) &IF(F57<>"","_"&UPPER(F57),"") &IF(H57<>"","_"&UPPER(H57),"") &"_"&TRIM(_xlfn.TEXTAFTER(B57,",")) &"_"&C57 -> MINERAL_WOOL_WOODEN_STUD_07_C | B57: 0.07 | C57: C | D57: mineral_wool | E57: 0.9 | F57: wooden_stud | G57: 0.1 | L57: =COUNTIF(Components!$B$3:$B$302,A57) -> 1 | M57: =COUNTIF($A$3:$A$308,A57) -> 1
A58: =UPPER(D58) &IF(F58<>"","_"&UPPER(F58),"") &IF(H58<>"","_"&UPPER(H58),"") &"_"&TRIM(_xlfn.TEXTAFTER(B58,",")) &"_"&C58 -> GYPSUM_BOARD_013_S | B58: 0.013 | C58: S | D58: gypsum_board | L58: =COUNTIF(Components!$B$3:$B$302,A58) -> 4 | M58: =COUNTIF($A$3:$A$308,A58) -> 1
A59: =UPPER(D59) &IF(F59<>"","_"&UPPER(F59),"") &IF(H59<>"","_"&UPPER(H59),"") &"_"&TRIM(_xlfn.TEXTAFTER(B59,",")) &"_"&C59 -> MINERAL_WOOL_WOODEN_STUD_007_C | B59: 0.007 | C59: C | D59: mineral_wool | E59: 0.9 | F59: wooden_stud | G59: 0.1 | L59: =COUNTIF(Components!$B$3:$B$302,A59) -> 0 | M59: =COUNTIF($A$3:$A$308,A59) -> 1
A60: =UPPER(D60) &IF(F60<>"","_"&UPPER(F60),"") &IF(H60<>"","_"&UPPER(H60),"") &"_"&TRIM(_xlfn.TEXTAFTER(B60,",")) &"_"&C60 -> LINOLEUM_002_S | B60: 0.002 | C60: S | D60: linoleum | L60: =COUNTIF(Components!$B$3:$B$302,A60) -> 0 | M60: =COUNTIF($A$3:$A$308,A60) -> 1
A61: =UPPER(D61) &IF(F61<>"","_"&UPPER(F61),"") &IF(H61<>"","_"&UPPER(H61),"") &"_"&TRIM(_xlfn.TEXTAFTER(B61,",")) &"_"&C61 -> WOODFIBER_BOARD_013_S | B61: 0.013 | C61: S | D61: woodfiber_board | L61: =COUNTIF(Components!$B$3:$B$302,A61) -> 2 | M61: =COUNTIF($A$3:$A$308,A61) -> 1
A62: =UPPER(D62) &IF(F62<>"","_"&UPPER(F62),"") &IF(H62<>"","_"&UPPER(H62),"") &"_"&TRIM(_xlfn.TEXTAFTER(B62,",")) &"_"&C62 -> CONCRETE_MIXED_WITH_SAWDUST_05_S | B62: 0.05 | C62: S | D62: concrete_mixed_with_sawdust | L62: =COUNTIF(Components!$B$3:$B$302,A62) -> 2 | M62: =COUNTIF($A$3:$A$308,A62) -> 1
A63: =UPPER(D63) &IF(F63<>"","_"&UPPER(F63),"") &IF(H63<>"","_"&UPPER(H63),"") &"_"&TRIM(_xlfn.TEXTAFTER(B63,",")) &"_"&C63 -> COKE_ASH_08_S | B63: 0.08 | C63: S | D63: coke_ash | L63: =COUNTIF(Components!$B$3:$B$302,A63) -> 4 | M63: =COUNTIF($A$3:$A$308,A63) -> 1
A64: =UPPER(D64) &IF(F64<>"","_"&UPPER(F64),"") &IF(H64<>"","_"&UPPER(H64),"") &"_"&TRIM(_xlfn.TEXTAFTER(B64,",")) &"_"&C64 -> COKE_ASH_8_S | B64: 0,8 | C64: S | D64: coke_ash | L64: =COUNTIF(Components!$B$3:$B$302,A64) -> 0 | M64: =COUNTIF($A$3:$A$308,A64) -> 1
A65: =UPPER(D65) &IF(F65<>"","_"&UPPER(F65),"") &IF(H65<>"","_"&UPPER(H65),"") &"_"&TRIM(_xlfn.TEXTAFTER(B65,",")) &"_"&C65 -> CONCRETE_05_S | B65: 0,05 | C65: S | D65: concrete | L65: =COUNTIF(Components!$B$3:$B$302,A65) -> 6 | M65: =COUNTIF($A$3:$A$308,A65) -> 1
A66: =UPPER(D66) &IF(F66<>"","_"&UPPER(F66),"") &IF(H66<>"","_"&UPPER(H66),"") &"_"&TRIM(_xlfn.TEXTAFTER(B66,",")) &"_"&C66 -> PLASTER_05_S | B66: 0.05 | C66: S | D66: plaster | L66: =COUNTIF(Components!$B$3:$B$302,A66) -> 2 | M66: =COUNTIF($A$3:$A$308,A66) -> 1
A67: =UPPER(D67) &IF(F67<>"","_"&UPPER(F67),"") &IF(H67<>"","_"&UPPER(H67),"") &"_"&TRIM(_xlfn.TEXTAFTER(B67,",")) &"_"&C67 -> LIGHTWEIGHT_CONCRETE_MORTAR_1_C | B67: 0.1 | C67: C | D67: lightweight_concrete | E67: 0.95 | F67: mortar | G67: 0.05 | L67: =COUNTIF(Components!$B$3:$B$302,A67) -> 1 | M67: =COUNTIF($A$3:$A$308,A67) -> 1
A68: =UPPER(D68) &IF(F68<>"","_"&UPPER(F68),"") &IF(H68<>"","_"&UPPER(H68),"") &"_"&TRIM(_xlfn.TEXTAFTER(B68,",")) &"_"&C68 -> CONCRETE_3_S | B68: 0.3 | C68: S | D68: concrete | L68: =COUNTIF(Components!$B$3:$B$302,A68) -> 2 | M68: =COUNTIF($A$3:$A$308,A68) -> 1
A69: =UPPER(D69) &IF(F69<>"","_"&UPPER(F69),"") &IF(H69<>"","_"&UPPER(H69),"") &"_"&TRIM(_xlfn.TEXTAFTER(B69,",")) &"_"&C69 -> CONCRETE_08_S | B69: 0.08 | C69: S | D69: concrete | L69: =COUNTIF(Components!$B$3:$B$302,A69) -> 1 | M69: =COUNTIF($A$3:$A$308,A69) -> 1
A70: =UPPER(D70) &IF(F70<>"","_"&UPPER(F70),"") &IF(H70<>"","_"&UPPER(H70),"") &"_"&TRIM(_xlfn.TEXTAFTER(B70,",")) &"_"&C70 -> WOOD_WOOL_BOARD_025_S | B70: 0.025 | C70: S | D70: wood_wool_board | L70: =COUNTIF(Components!$B$3:$B$302,A70) -> 1 | M70: =COUNTIF($A$3:$A$308,A70) -> 1
A71: =UPPER(D71) &IF(F71<>"","_"&UPPER(F71),"") &IF(H71<>"","_"&UPPER(H71),"") &"_"&TRIM(_xlfn.TEXTAFTER(B71,",")) &"_"&C71 -> CONCRETE_23_S | B71: 0.23 | C71: S | D71: concrete | L71: =COUNTIF(Components!$B$3:$B$302,A71) -> 1 | M71: =COUNTIF($A$3:$A$308,A71) -> 1
A72: =UPPER(D72) &IF(F72<>"","_"&UPPER(F72),"") &IF(H72<>"","_"&UPPER(H72),"") &"_"&TRIM(_xlfn.TEXTAFTER(B72,",")) &"_"&C72 -> MINERAL_WOOL_BLANKET_12_S | B72: 0.12 | C72: S | D72: mineral_wool_blanket | L72: =COUNTIF(Components!$B$3:$B$302,A72) -> 0 | M72: =COUNTIF($A$3:$A$308,A72) -> 1
A73: =UPPER(D73) &IF(F73<>"","_"&UPPER(F73),"") &IF(H73<>"","_"&UPPER(H73),"") &"_"&TRIM(_xlfn.TEXTAFTER(B73,",")) &"_"&C73 -> MINERAL_WOOL_CARPET_03_S | B73: 0.03 | C73: S | D73: mineral_wool_carpet | L73: =COUNTIF(Components!$B$3:$B$302,A73) -> 2 | M73: =COUNTIF($A$3:$A$308,A73) -> 1
A74: =UPPER(D74) &IF(F74<>"","_"&UPPER(F74),"") &IF(H74<>"","_"&UPPER(H74),"") &"_"&TRIM(_xlfn.TEXTAFTER(B74,",")) &"_"&C74 -> SAND_05_S | B74: 0.05 | C74: S | D74: sand | L74: =COUNTIF(Components!$B$3:$B$302,A74) -> 3 | M74: =COUNTIF($A$3:$A$308,A74) -> 1
A75: =UPPER(D75) &IF(F75<>"","_"&UPPER(F75),"") &IF(H75<>"","_"&UPPER(H75),"") &"_"&TRIM(_xlfn.TEXTAFTER(B75,",")) &"_"&C75 -> CELLULAR_PLASTIC_06_S | B75: 0.06 | C75: S | D75: cellular_plastic | L75: =COUNTIF(Components!$B$3:$B$302,A75) -> 1 | M75: =COUNTIF($A$3:$A$308,A75) -> 1
A76: =UPPER(D76) &IF(F76<>"","_"&UPPER(F76),"") &IF(H76<>"","_"&UPPER(H76),"") &"_"&TRIM(_xlfn.TEXTAFTER(B76,",")) &"_"&C76 -> GRAVEL_15_S | B76: 0.15 | C76: S | D76: gravel | L76: =COUNTIF(Components!$B$3:$B$302,A76) -> 1 | M76: =COUNTIF($A$3:$A$308,A76) -> 1
A77: =UPPER(D77) &IF(F77<>"","_"&UPPER(F77),"") &IF(H77<>"","_"&UPPER(H77),"") &"_"&TRIM(_xlfn.TEXTAFTER(B77,",")) &"_"&C77 -> PLYWOOD_017_S | B77: 0.017 | C77: S | D77: plywood | L77: =COUNTIF(Components!$B$3:$B$302,A77) -> 2 | M77: =COUNTIF($A$3:$A$308,A77) -> 1
A78: =UPPER(D78) &IF(F78<>"","_"&UPPER(F78),"") &IF(H78<>"","_"&UPPER(H78),"") &"_"&TRIM(_xlfn.TEXTAFTER(B78,",")) &"_"&C78 -> MINERAL_WOOL_3_S | B78: 0.3 | C78: S | D78: mineral_wool | L78: =COUNTIF(Components!$B$3:$B$302,A78) -> 2 | M78: =COUNTIF($A$3:$A$308,A78) -> 1
A79: =UPPER(D79) &IF(F79<>"","_"&UPPER(F79),"") &IF(H79<>"","_"&UPPER(H79),"") &"_"&TRIM(_xlfn.TEXTAFTER(B79,",")) &"_"&C79 -> CONCRETE_19_S | B79: 0.19 | C79: S | D79: concrete | M79: =COUNTIF($A$3:$A$308,A79) -> 1
A80: =UPPER(D80) &IF(F80<>"","_"&UPPER(F80),"") &IF(H80<>"","_"&UPPER(H80),"") &"_"&TRIM(_xlfn.TEXTAFTER(B80,",")) &"_"&C80 -> LIGHTWEIGHT_CONCRETE_MORTAR_3_C | B80: 0.3 | C80: C | D80: lightweight_concrete | E80: 0.95 | F80: mortar | G80: 0.05 | M80: =COUNTIF($A$3:$A$308,A80) -> 1
A81: =UPPER(D81) &IF(F81<>"","_"&UPPER(F81),"") &IF(H81<>"","_"&UPPER(H81),"") &"_"&TRIM(_xlfn.TEXTAFTER(B81,",")) &"_"&C81 -> AIR_GAP_WOODEN_RAFTER_05_C | B81: 0.05 | C81: C | D81: air_gap | E81: 0.95 | F81: wooden_rafter | G81: 0.05 | M81: =COUNTIF($A$3:$A$308,A81) -> 1
A82: =UPPER(D82) &IF(F82<>"","_"&UPPER(F82),"") &IF(H82<>"","_"&UPPER(H82),"") &"_"&TRIM(_xlfn.TEXTAFTER(B82,",")) &"_"&C82 -> SAND_2_S | B82: 0.2 | C82: S | D82: sand | M82: =COUNTIF($A$3:$A$308,A82) -> 1

Sheet Components
A1: Component Code | B1: Layers | C1: Application | D1: Layer Index | E1: Shearing Layer | F1: Archetype | G1: Notes from Så byggdes husen 1880-2010 | H1: Flag
A2: Component code Archetype_Application_ShearingLayer | B2: Order of layer from exterior to interior | C2: Element where component is applicable | D2: Index of layer, from exterior to interior where 0 is most exterior | E2: Shearing Layer as in Brand model | F2: Code for archetype inhertied from BUD_MI | G2: Qualitative information about the components. | H2: Counts how many times a layer defined in this sheet exists in Layers sheet, if none, "No match"
A3: =F3&"_"&C3&"_"&E3 -> CMF_1950_ROOF_SKIN | B3: GALVANIZED_SHEET_METAL_003_S | C3: ROOF | D3: 0 | E3: SKIN | F3: CMF_1950 | G3: Cold roof, no insulation as part of outermost structure | H3: {=IF(SUMPRODUCT(--EXACT(B3,Layers!$A$3:$A$268))=0,"No match",SUMPRODUCT(--EXACT(B3,Layers!$A$3:$A$268)))} -> 1
A4: =F4&"_"&C4&"_"&E4 -> CMF_1950_ROOF_SKIN | B4: WOODEN_PANEL_038_S | C4: ROOF | D4: 1 | E4: SKIN | F4: CMF_1950 | H4: {=IF(SUMPRODUCT(--EXACT(B4,Layers!$A$3:$A$268))=0,"No match",SUMPRODUCT(--EXACT(B4,Layers!$A$3:$A$268)))} -> 1
A5: =F5&"_"&C5&"_"&E5 -> CMF_1950_ROOF_STRUCTURE | B5: WOODEN_RAFTER_1016_S | C5: ROOF | D5: 0 | E5: STRUCTURE | F5: CMF_1950 | G5: Minor impact on thermal performance of roof structure as they are not interupting any insulation layer. | H5: {=IF(SUMPRODUCT(--EXACT(B5,Layers!$A$3:$A$268))=0,"No match",SUMPRODUCT(--EXACT(B5,Layers!$A$3:$A$268)))} -> 1
A6: =F6&"_"&C6&"_"&E6 -> CMF_1950_ROOF_STRUCTURE | B6: WOODEN_BEAM_1524_S | C6: ROOF | D6: 1 | E6: STRUCTURE | F6: CMF_1950 | H6: {=IF(SUMPRODUCT(--EXACT(B6,Layers!$A$3:$A$268))=0,"No match",SUMPRODUCT(--EXACT(B6,Layers!$A$3:$A$268)))} -> 1
A7: =F7&"_"&C7&"_"&E7 -> CMF_1950_TOP_FLOOR_SPACE | B7: CONCRETE_05_S | C7: TOP_FLOOR | D7: 0 | E7: SPACE | F7: CMF_1950 | G7: Insulating "roof" structure | H7: {=IF(SUMPRODUCT(--EXACT(B7,Layers!$A$3:$A$268))=0,"No match",SUMPRODUCT(--EXACT(B7,Layers!$A$3:$A$268)))} -> 1
A8: =F8&"_"&C8&"_"&E8 -> CMF_1950_TOP_FLOOR_SPACE | B8: GRANULATED_BLAST_FURNACE_SLAG_15_S | C8: TOP_FLOOR | D8: 1 | E8: SPACE | F8: CMF_1950 | H8: {=IF(SUMPRODUCT(--EXACT(B8,Layers!$A$3:$A$268))=0,"No match",SUMPRODUCT(--EXACT(B8,Layers!$A$3:$A$268)))} -> 1
A9: =F9&"_"&C9&"_"&E9 -> CMF_1950_TOP_FLOOR_STRUCTURE | B9: CONCRETE_14_S | C9: TOP_FLOOR | D9: 0 | E9: STRUCTURE | F9: CMF_1950 | H9: {=IF(SUMPRODUCT(--EXACT(B9,Layers!$A$3:$A$268))=0,"No match",SUMPRODUCT(--EXACT(B9,Layers!$A$3:$A$268)))} -> 1
A10: =F10&"_"&C10&"_"&E10 -> CMF_1950_EXT_WALL_LOW_SKIN | B10: TERRASIT_PLASTER_005_S | C10: EXT_WALL_LOW | D10: 0 | E10: SKIN | F10: CMF_1950 | H10: {=IF(SUMPRODUCT(--EXACT(B10,Layers!$A$3:$A$268))=0,"No match",SUMPRODUCT(--EXACT(B10,Layers!$A$3:$A$268)))} -> 1
A11: =F11&"_"&C11&"_"&E11 -> CMF_1950_EXT_WALL_LOW_STRUCTURE | B11: LIGHTWEIGHT_CONCRETE_MORTAR_125_C | C11: EXT_WALL_LOW | D11: 0 | E11: STRUCTURE | F11: CMF_1950 | H11: {=IF(SUMPRODUCT(--EXACT(B11,Layers!$A$3:$A$268))=0,"No match",SUMPRODUCT(--EXACT(B11,Layers!$A$3:$A$268)))} -> 1
A12: =F12&"_"&C12&"_"&E12 -> CMF_1950_EXT_WALL_LOW_STRUCTURE | B12: MORTAR_005_S | C12: EXT_WALL_LOW | D12: 1 | E12: STRUCTURE | F12: CMF_1950 | H12: {=IF(SUMPRODUCT(--EXACT(B12,Layers!$A$3:$A$268))=0,"No match",SUMPRODUCT(--EXACT(B12,Layers!$A$3:$A$268)))} -> 1
A13: =F13&"_"&C13&"_"&E13 -> CMF_1950_EXT_WALL_LOW_STRUCTURE | B13: CONCRETE_15_S | C13: EXT_WALL_LOW | D13: 2 | E13: STRUCTURE | F13: CMF_1950 | H13: {=IF(SUMPRODUCT(--EXACT(B13,Layers!$A$3:$A$268))=0,"No match",SUMPRODUCT(--EXACT(B13,Layers!$A$3:$A$268)))} -> 1
A14: =F14&"_"&C14&"_"&E14 -> CMF_1950_EXT_WALL_LOW_SPACE | B14: LIME_PLASTER_005_S | C14: EXT_WALL_LOW | D14: 0 | E14: SPACE | F14: CMF_1950 | H14: {=IF(SUMPRODUCT(--EXACT(B14,Layers!$A$3:$A$268))=0,"No match",SUMPRODUCT(--EXACT(B14,Layers!$A$3:$A$268)))} -> 1
A15: =F15&"_"&C15&"_"&E15 -> CMF_1950_EXT_WALL_MEDIUM_SKIN | B15: TERRASIT_PLASTER_005_S | C15: EXT_WALL_MEDIUM | D15: 0 | E15: SKIN | F15: CMF_1950 | H15: {=IF(SUMPRODUCT(--EXACT(B15,Layers!$A$3:$A$268))=0,"No match",SUMPRODUCT(--EXACT(B15,Layers!$A$3:$A$268)))} -> 1
A16: =F16&"_"&C16&"_"&E16 -> CMF_1950_EXT_WALL_MEDIUM_STRUCTURE | B16: LIGHTWEIGHT_CONCRETE_MORTAR_25_C | C16: EXT_WALL_MEDIUM | D16: 0 | E16: STRUCTURE | F16: CMF_1950 | H16: {=IF(SUMPRODUCT(--EXACT(B16,Layers!$A$3:$A$268))=0,"No match",SUMPRODUCT(--EXACT(B16,Layers!$A$3:$A$268)))} -> 1
A17: =F17&"_"&C17&"_"&E17 -> CMF_1950_EXT_WALL_MEDIUM_SPACE | B17: LIME_PLASTER_005_S | C17: EXT_WALL_MEDIUM | D17: 0 | E17: SPACE | F17: CMF_1950 | H17: {=IF(SUMPRODUCT(--EXACT(B17,Layers!$A$3:$A$268))=0,"No match",SUMPRODUCT(--EXACT(B17,Layers!$A$3:$A$268)))} -> 1
A18: =F18&"_"&C18&"_"&E18 -> CMF_1950_EXT_WALL_HIGH_SKIN | B18: TERRASIT_PLASTER_005_S | C18: EXT_WALL_HIGH | D18: 0 | E18: SKIN | F18: CMF_1950 | G18: Was missing from BUD_MI | H18: {=IF(SUMPRODUCT(--EXACT(B18,Layers!$A$3:$A$268))=0,"No match",SUMPRODUCT(--EXACT(B18,Layers!$A$3:$A$268)))} -> 1
A19: =F19&"_"&C19&"_"&E19 -> CMF_1950_EXT_WALL_HIGH_STRUCTURE | B19: LIGHTWEIGHT_CONCRETE_MORTAR_2_C | C19: EXT_WALL_HIGH | D19: 0 | E19: STRUCTURE | F19: CMF_1950 | G19: Was missing from BUD_MI | H19: {=IF(SUMPRODUCT(--EXACT(B19,Layers!$A$3:$A$268))=0,"No match",SUMPRODUCT(--EXACT(B19,Layers!$A$3:$A$268)))} -> 1
A20: =F20&"_"&C20&"_"&E20 -> CMF_1950_GROUND_FLOOR_SPACE | B20: PLASTIC_MAT_01_S | C20: GROUND_FLOOR | D20: 0 | E20: SPACE | F20: CMF_1950 | H20: {=IF(SUMPRODUCT(--EXACT(B20,Layers!$A$3:$A$268))=0,"No match",SUMPRODUCT(--EXACT(B20,Layers!$A$3:$A$268)))} -> 1
A21: =F21&"_"&C21&"_"&E21 -> CMF_1950_GROUND_FLOOR_SPACE | B21: PLASTER_05_S | C21: GROUND_FLOOR | D21: 1 | E21: SPACE | F21: CMF_1950 | H21: {=IF(SUMPRODUCT(--EXACT(B21,Layers!$A$3:$A$268))=0,"No match",SUMPRODUCT(--EXACT(B21,Layers!$A$3:$A$268)))} -> 1
A22: =F22&"_"&C22&"_"&E22 -> CMF_1950_GROUND_FLOOR_STRUCTURE | B22: CONCRETE_MIXED_WITH_SAWDUST_05_S | C22: GROUND_FLOOR | D22: 0 | E22: STRUCTURE | F22: CMF_1950 | H22: {=IF(SUMPRODUCT(--EXACT(B22,Layers!$A$3:$A$268))=0,"No match",SUMPRODUCT(--EXACT(B22,Layers!$A$3:$A$268)))} -> 1
A23: =F23&"_"&C23&"_"&E23 -> CMF_1950_GROUND_FLOOR_STRUCTURE | B23: COKE_ASH_08_S | C23: GROUND_FLOOR | D23: 1 | E23: STRUCTURE | F23: CMF_1950 | H23: {=IF(SUMPRODUCT(--EXACT(B23,Layers!$A$3:$A$268))=0,"No match",SUMPRODUCT(--EXACT(B23,Layers!$A$3:$A$268)))} -> 1
A24: =F24&"_"&C24&"_"&E24 -> CMF_1950_GROUND_FLOOR_STRUCTURE | B24: CONCRETE_16_S | C24: GROUND_FLOOR | D24: 2 | E24: STRUCTURE | F24: CMF_1950 | H24: {=IF(SUMPRODUCT(--EXACT(B24,Layers!$A$3:$A$268))=0,"No match",SUMPRODUCT(--EXACT(B24,Layers!$A$3:$A$268)))} -> 1
A25: =F25&"_"&C25&"_"&E25 -> CMF_1950_INT_WALL_NONLOADBEARING_SKIN | B25: PLASTER_05_S | C25: INT_WALL_NONLOADBEARING | D25: 0 | E25: SKIN | F25: CMF_1950 | H25: {=IF(SUMPRODUCT(--EXACT(B25,Layers!$A$3:$A$268))=0,"No match",SUMPRODUCT(--EXACT(B25,Layers!$A$3:$A$268)))} -> 1
A26: =F26&"_"&C26&"_"&E26 -> CMF_1950_INT_WALL_NONLOADBEARING_STRUCTURE | C26: INT_WALL_NONLOADBEARING | D26: 0 | E26: STRUCTURE | F26: CMF_1950 | G26: No souce found | H26: {=IF(SUMPRODUCT(--EXACT(B26,Layers!$A$3:$A$268))=0,"No match",SUMPRODUCT(--EXACT(B26,Layers!$A$3:$A$268)))} -> 186
A27: =F27&"_"&C27&"_"&E27 -> CMF_1950_INT_WALL_NONLOADBEARING_SPACE | C27: INT_WALL_NONLOADBEARING | D27: 0 | E27: SPACE | F27: CMF_1950 | G27: No souce found | H27: {=IF(SUMPRODUCT(--EXACT(B27,Layers!$A$3:$A$268))=0,"No match",SUMPRODUCT(--EXACT(B27,Layers!$A$3:$A$268)))} -> 186
A28: =F28&"_"&C28&"_"&E28 -> CMF_1950_INT_WALL_NONLOADBEARING_STRUCTURE | C28: INT_WALL_NONLOADBEARING | D28: 0 | E28: STRUCTURE | F28: CMF_1950 | G28: No souce found | H28: {=IF(SUMPRODUCT(--EXACT(B28,Layers!$A$3:$A$268))=0,"No match",SUMPRODUCT(--EXACT(B28,Layers!$A$3:$A$268)))} -> 186
A29: =F29&"_"&C29&"_"&E29 -> CMF_1950_INTERMEDIATE_FLOOR_SPACE | B29: PLASTIC_MAT_01_S | C29: INTERMEDIATE_FLOOR | D29: 0 | E29: SPACE | F29: CMF_1950 | H29: {=IF(SUMPRODUCT(--EXACT(B29,Layers!$A$3:$A$268))=0,"No match",SUMPRODUCT(--EXACT(B29,Layers!$A$3:$A$268)))} -> 1
A30: =F30&"_"&C30&"_"&E30 -> CMF_1950_INTERMEDIATE_FLOOR_SPACE | B30: CONCRETE_MIXED_WITH_SAWDUST_05_S | C30: INTERMEDIATE_FLOOR | D30: 1 | E30: SPACE | F30: CMF_1950 | H30: {=IF(SUMPRODUCT(--EXACT(B30,Layers!$A$3:$A$268))=0,"No match",SUMPRODUCT(--EXACT(B30,Layers!$A$3:$A$268)))} -> 1
A31: =F31&"_"&C31&"_"&E31 -> CMF_1950_INTERMEDIATE_FLOOR_SPACE | B31: COKE_ASH_08_S | C31: INTERMEDIATE_FLOOR | D31: 2 | E31: SPACE | F31: CMF_1950 | H31: {=IF(SUMPRODUCT(--EXACT(B31,Layers!$A$3:$A$268))=0,"No match",SUMPRODUCT(--EXACT(B31,Layers!$A$3:$A$268)))} -> 1
A32: =F32&"_"&C32&"_"&E32 -> CMF_1950_INTERMEDIATE_FLOOR_STRUCTURE | B32: CONCRETE_16_S | C32: INTERMEDIATE_FLOOR | D32: 0 | E32: STRUCTURE | F32: CMF_1950 | H32: {=IF(SUMPRODUCT(--EXACT(B32,Layers!$A$3:$A$268))=0,"No match",SUMPRODUCT(--EXACT(B32,Layers!$A$3:$A$268)))} -> 1
A33: =F33&"_"&C33&"_"&E33 -> CMF_1950_INTERMEDIATE_FLOOR_SPACE | B33: PLASTER_005_S | C33: INTERMEDIATE_FLOOR | D33: 0 | E33: SPACE | F33: CMF_1950 | H33: {=IF(SUMPRODUCT(--EXACT(B33,Layers!$A$3:$A$268))=0,"No match",SUMPRODUCT(--EXACT(B33,Layers!$A$3:$A$268)))} -> 1
A34: =F34&"_"&C34&"_"&E34 -> CMF_1960_1_ROOF_SKIN | B34: METAL_SHEET_003_S | C34: ROOF | D34: 0 | E34: SKIN | F34: CMF_1960_1 | H34: {=IF(SUMPRODUCT(--EXACT(B34,Layers!$A$3:$A$268))=0,"No match",SUMPRODUCT(--EXACT(B34,Layers!$A$3:$A$268)))} -> 1
A35: =F35&"_"&C35&"_"&E35 -> CMF_1960_1_ROOF_SKIN | B35: BATTENS_1_023_S | C35: ROOF | D35: 1 | E35: SKIN | F35: CMF_1960_1 | G35: Double check in book | H35: {=IF(SUMPRODUCT(--EXACT(B35,Layers!$A$3:$A$268))=0,"No match",SUMPRODUCT(--EXACT(B35,Layers!$A$3:$A$268)))} -> 1
A36: =F36&"_"&C36&"_"&E36 -> CMF_1960_1_ROOF_SKIN | B36: BATTENS_2_023_S | C36: ROOF | D36: 2 | E36: SKIN | F36: CMF_1960_1 | G36: Double check in book | H36: {=IF(SUMPRODUCT(--EXACT(B36,Layers!$A$3:$A$268))=0,"No match",SUMPRODUCT(--EXACT(B36,Layers!$A$3:$A$268)))} -> 1
A37: =F37&"_"&C37&"_"&E37 -> CMF_1960_1_ROOF_SKIN | B37: ROOFING_FELT_005_S | C37: ROOF | D37: 3 | E37: SKIN | F37: CMF_1960_1 | H37: {=IF(SUMPRODUCT(--EXACT(B37,Layers!$A$3:$A$268))=0,"No match",SUMPRODUCT(--EXACT(B37,Layers!$A$3:$A$268)))} -> 1
A38: =F38&"_"&C38&"_"&E38 -> CMF_1960_1_ROOF_SKIN | B38: WOODEN_PANEL_03_S | C38: ROOF | D38: 4 | E38: SKIN | F38: CMF_1960_1 | H38: {=IF(SUMPRODUCT(--EXACT(B38,Layers!$A$3:$A$268))=0,"No match",SUMPRODUCT(--EXACT(B38,Layers!$A$3:$A$268)))} -> 1
A39: =F39&"_"&C39&"_"&E39 -> CMF_1960_1_EXT_WALL_SKIN | B39: BRICK_MORTAR_125_C | C39: EXT_WALL | D39: 0 | E39: SKIN | F39: CMF_1960_1 | H39: {=IF(SUMPRODUCT(--EXACT(B39,Layers!$A$3:$A$268))=0,"No match",SUMPRODUCT(--EXACT(B39,Layers!$A$3:$A$268)))} -> 1
A40: =F40&"_"&C40&"_"&E40 -> CMF_1960_1_EXT_WALL_SPACE | B40: PLASTER_BOARD_013_S | C40: EXT_WALL | D40: 0 | E40: SPACE | F40: CMF_1960_1 | H40: {=IF(SUMPRODUCT(--EXACT(B40,Layers!$A$3:$A$268))=0,"No match",SUMPRODUCT(--EXACT(B40,Layers!$A$3:$A$268)))} -> 1
A41: =F41&"_"&C41&"_"&E41 -> CMF_1960_1_EXT_WALL_SKIN | B41: ETERNIT_BOARD_009_S | C41: EXT_WALL | D41: 0 | E41: SKIN | F41: CMF_1960_1 | H41: {=IF(SUMPRODUCT(--EXACT(B41,Layers!$A$3:$A$268))=0,"No match",SUMPRODUCT(--EXACT(B41,Layers!$A$3:$A$268)))} -> 1
A42: =F42&"_"&C42&"_"&E42 -> CMF_1960_1_EXT_WALL_STRUCTURE | B42: MINERAL_WOOL_WOODEN_STUD_095_C | C42: EXT_WALL | D42: 0 | E42: STRUCTURE | F42: CMF_1960_1 | G42: Is the mineral wool here regarded as structure since its a composite layer? | H42: {=IF(SUMPRODUCT(--EXACT(B42,Layers!$A$3:$A$268))=0,"No match",SUMPRODUCT(--EXACT(B42,Layers!$A$3:$A$268)))} -> 1
A43: =F43&"_"&C43&"_"&E43 -> CMF_1960_1_EXT_WALL_SPACE | B43: ASPHALT_BOARD_012_S | C43: EXT_WALL | D43: 0 | E43: SPACE | F43: CMF_1960_1 | H43: {=IF(SUMPRODUCT(--EXACT(B43,Layers!$A$3:$A$268))=0,"No match",SUMPRODUCT(--EXACT(B43,Layers!$A$3:$A$268)))} -> 1
A44: =F44&"_"&C44&"_"&E44 -> CMF_1960_1_EXT_WALL_SPACE | B44: PLASTER_BOARD_013_S | C44: EXT_WALL | D44: 1 | E44: SPACE | F44: CMF_1960_1 | H44: {=IF(SUMPRODUCT(--EXACT(B44,Layers!$A$3:$A$268))=0,"No match",SUMPRODUCT(--EXACT(B44,Layers!$A$3:$A$268)))} -> 1
A45: =F45&"_"&C45&"_"&E45 -> CMF_1960_1_GROUND_FLOOR_SPACE | B45: LINOLEUM_01_S | C45: GROUND_FLOOR | D45: 0 | E45: SPACE | F45: CMF_1960_1 | H45: {=IF(SUMPRODUCT(--EXACT(B45,Layers!$A$3:$A$268))=0,"No match",SUMPRODUCT(--EXACT(B45,Layers!$A$3:$A$268)))} -> 1
A46: =F46&"_"&C46&"_"&E46 -> CMF_1960_1_GROUND_FLOOR_SPACE | B46: WOODFIBER_BOARD_013_S | C46: GROUND_FLOOR | D46: 1 | E46: SPACE | F46: CMF_1960_1 | H46: {=IF(SUMPRODUCT(--EXACT(B46,Layers!$A$3:$A$268))=0,"No match",SUMPRODUCT(--EXACT(B46,Layers!$A$3:$A$268)))} -> 1
A47: =F47&"_"&C47&"_"&E47 -> CMF_1960_1_GROUND_FLOOR_STRUCTURE | B47: CONCRETE_15_S | C47: GROUND_FLOOR | D47: 0 | E47: STRUCTURE | F47: CMF_1960_1 | H47: {=IF(SUMPRODUCT(--EXACT(B47,Layers!$A$3:$A$268))=0,"No match",SUMPRODUCT(--EXACT(B47,Layers!$A$3:$A$268)))} -> 1
A48: =F48&"_"&C48&"_"&E48 -> CMF_1960_1_GROUND_FLOOR_SKIN | B48: LECA_15_S | C48: GROUND_FLOOR | D48: 0 | E48: SKIN | F48: CMF_1960_1 | G48: What should shearing layer be here? | H48: {=IF(SUMPRODUCT(--EXACT(B48,Layers!$A$3:$A$268))=0,"No match",SUMPRODUCT(--EXACT(B48,Layers!$A$3:$A$268)))} -> 1
A49: =F49&"_"&C49&"_"&E49 -> CMF_1960_1_TOP_FLOOR_SPACE | B49: CARDBOARD_005_S | C49: TOP_FLOOR | D49: 0 | E49: SPACE | F49: CMF_1960_1 | H49: {=IF(SUMPRODUCT(--EXACT(B49,Layers!$A$3:$A$268))=0,"No match",SUMPRODUCT(--EXACT(B49,Layers!$A$3:$A$268)))} -> 1
A50: =F50&"_"&C50&"_"&E50 -> CMF_1960_1_TOP_FLOOR_SPACE | B50: MINERAL_WOOL_BLANKET_03_S | C50: TOP_FLOOR | D50: 1 | E50: SPACE | F50: CMF_1960_1 | H50: {=IF(SUMPRODUCT(--EXACT(B50,Layers!$A$3:$A$268))=0,"No match",SUMPRODUCT(--EXACT(B50,Layers!$A$3:$A$268)))} -> 1
A51: =F51&"_"&C51&"_"&E51 -> CMF_1960_1_TOP_FLOOR_SPACE | B51: MINERAL_WOOL_CARPET_2_S | C51: TOP_FLOOR | D51: 2 | E51: SPACE | F51: CMF_1960_1 | H51: {=IF(SUMPRODUCT(--EXACT(B51,Layers!$A$3:$A$268))=0,"No match",SUMPRODUCT(--EXACT(B51,Layers!$A$3:$A$268)))} -> 1
A52: =F52&"_"&C52&"_"&E52 -> CMF_1960_1_TOP_FLOOR_STRUCTURE | B52: CONCRETE_14_S | C52: TOP_FLOOR | D52: 0 | E52: STRUCTURE | F52: CMF_1960_1 | H52: {=IF(SUMPRODUCT(--EXACT(B52,Layers!$A$3:$A$268))=0,"No match",SUMPRODUCT(--EXACT(B52,Layers!$A$3:$A$268)))} -> 1
A53: =F53&"_"&C53&"_"&E53 -> CMF_1960_1_INT_WALL_LOADBEARING_SPACE | B53: PLASTER_005_S | C53: INT_WALL_LOADBEARING | D53: 0 | E53: SPACE | F53: CMF_1960_1 | H53: {=IF(SUMPRODUCT(--EXACT(B53,Layers!$A$3:$A$268))=0,"No match",SUMPRODUCT(--EXACT(B53,Layers!$A$3:$A$268)))} -> 1
A54: =F54&"_"&C54&"_"&E54 -> CMF_1960_1_INT_WALL_LOADBEARING_STRUCTURE | B54: CONCRETE_16_S | C54: INT_WALL_LOADBEARING | D54: 0 | E54: STRUCTURE | F54: CMF_1960_1 | H54: {=IF(SUMPRODUCT(--EXACT(B54,Layers!$A$3:$A$268))=0,"No match",SUMPRODUCT(--EXACT(B54,Layers!$A$3:$A$268)))} -> 1
A55: =F55&"_"&C55&"_"&E55 -> CMF_1960_1_INT_WALL_NONLOADBEARING_SPACE | B55: GYPSUM_BOARD_013_S | C55: INT_WALL_NONLOADBEARING | D55: 0 | E55: SPACE | F55: CMF_1960_1 | H55: {=IF(SUMPRODUCT(--EXACT(B55,Layers!$A$3:$A$268))=0,"No match",SUMPRODUCT(--EXACT(B55,Layers!$A$3:$A$268)))} -> 1
A56: =F56&"_"&C56&"_"&E56 -> CMF_1960_1_INT_WALL_NONLOADBEARING_STRUCTURE | B56: MINERAL_WOOL_WOODEN_STUD_07_C | C56: INT_WALL_NONLOADBEARING | D56: 0 | E56: STRUCTURE | F56: CMF_1960_1 | H56: {=IF(SUMPRODUCT(--EXACT(B56,Layers!$A$3:$A$268))=0,"No match",SUMPRODUCT(--EXACT(B56,Layers!$A$3:$A$268)))} -> 1
A57: =F57&"_"&C57&"_"&E57 -> CMF_1960_1_INTERMEDIATE_FLOOR_SPACE | B57: LINOLEUM_01_S | C57: INTERMEDIATE_FLOOR | D57: 0 | E57: SPACE | F57: CMF_1960_1 | H57: {=IF(SUMPRODUCT(--EXACT(B57,Layers!$A$3:$A$268))=0,"No match",SUMPRODUCT(--EXACT(B57,Layers!$A$3:$A$268)))} -> 1
A58: =F58&"_"&C58&"_"&E58 -> CMF_1960_1_INTERMEDIATE_FLOOR_SPACE | B58: WOODFIBER_BOARD_013_S | C58: INTERMEDIATE_FLOOR | D58: 1 | E58: SPACE | F58: CMF_1960_1 | H58: {=IF(SUMPRODUCT(--EXACT(B58,Layers!$A$3:$A$268))=0,"No match",SUMPRODUCT(--EXACT(B58,Layers!$A$3:$A$268)))} -> 1
A59: =F59&"_"&C59&"_"&E59 -> CMF_1960_1_INTERMEDIATE_FLOOR_STRUCTURE | B59: CONCRETE_16_S | C59: INTERMEDIATE_FLOOR | D59: 0 | E59: STRUCTURE | F59: CMF_1960_1 | H59: {=IF(SUMPRODUCT(--EXACT(B59,Layers!$A$3:$A$268))=0,"No match",SUMPRODUCT(--EXACT(B59,Layers!$A$3:$A$268)))} -> 1
A60: =F60&"_"&C60&"_"&E60 -> CMF_1960_1_INTERMEDIATE_FLOOR_SPACE | B60: PLASTER_005_S | C60: INTERMEDIATE_FLOOR | D60: 0 | E60: SPACE | F60: CMF_1960_1 | H60: {=IF(SUMPRODUCT(--EXACT(B60,Layers!$A$3:$A$268))=0,"No match",SUMPRODUCT(--EXACT(B60,Layers!$A$3:$A$268)))} -> 1
... A90: =F90&"_"&C90&"_"&E90 -> CMF_1940_1_INTERMEDIATE_FLOOR_STRUCTURE | B90: CONCRETE_16_S | C90: INTERMEDIATE_FLOOR | D90: 0 | E90: STRUCTURE | F90: CMF_1940_1 | H90: {=IF(SUMPRODUCT(--EXACT(B90,Layers!$A$3:$A$268))=0,"No match",SUMPRODUCT(--EXACT(B90,Layers!$A$3:$A$268)))} -> 1
A91: =F91&"_"&C91&"_"&E91 -> CMF_1940_1_INTERMEDIATE_FLOOR_SPACE | B91: VINYL_FLOORING_04_S | C91: INTERMEDIATE_FLOOR | D91: 0 | E91: SPACE | F91: CMF_1940_1 | G91: missing in BUD_MI | H91: {=IF(SUMPRODUCT(--EXACT(B91,Layers!$A$3:$A$268))=0,"No match",SUMPRODUCT(--EXACT(B91,Layers!$A$3:$A$268)))} -> 1
A92: =F92&"_"&C92&"_"&E92 -> CMF_1940_1_INTERMEDIATE_FLOOR_SPACE | B92: CONCRETE_05_S | C92: INTERMEDIATE_FLOOR | D92: 1 | E92: SPACE | F92: CMF_1940_1 | G92: over-concrete? | H92: {=IF(SUMPRODUCT(--EXACT(B92,Layers!$A$3:$A$268))=0,"No match",SUMPRODUCT(--EXACT(B92,Layers!$A$3:$A$268)))} -> 1
A93: =F93&"_"&C93&"_"&E93 -> CMF_1940_1_INTERMEDIATE_FLOOR_SPACE | B93: COKE_ASH_08_S | C93: INTERMEDIATE_FLOOR | D93: 2 | E93: SPACE | F93: CMF_1940_1 | H93: {=IF(SUMPRODUCT(--EXACT(B93,Layers!$A$3:$A$268))=0,"No match",SUMPRODUCT(--EXACT(B93,Layers!$A$3:$A$268)))} -> 1
A94: =F94&"_"&C94&"_"&E94 -> CMF_1940_1_EXT_WALL_SKIN | B94: PLASTER_01_S | C94: EXT_WALL | D94: 0 | E94: SKIN | F94: CMF_1940_1 | G94: slätputsad | H94: {=IF(SUMPRODUCT(--EXACT(B94,Layers!$A$3:$A$268))=0,"No match",SUMPRODUCT(--EXACT(B94,Layers!$A$3:$A$268)))} -> 1
A95: =F95&"_"&C95&"_"&E95 -> CMF_1940_1_EXT_WALL_STRUCTURE | B95: LIGHTWEIGHT_CONCRETE_MORTAR_25_C | C95: EXT_WALL | D95: 0 | E95: STRUCTURE | F95: CMF_1940_1 | H95: {=IF(SUMPRODUCT(--EXACT(B95,Layers!$A$3:$A$268))=0,"No match",SUMPRODUCT(--EXACT(B95,Layers!$A$3:$A$268)))} -> 1
A96: =F96&"_"&C96&"_"&E96 -> CMF_1940_1_EXT_WALL_SPACE | B96: PLASTER_01_S | C96: EXT_WALL | D96: 0 | E96: SPACE | F96: CMF_1940_1 | G96: spritputsad | H96: {=IF(SUMPRODUCT(--EXACT(B96,Layers!$A$3:$A$268))=0,"No match",SUMPRODUCT(--EXACT(B96,Layers!$A$3:$A$268)))} -> 1
A97: =F97&"_"&C97&"_"&E97 -> CMF_1940_1_INT_WALL_LOADBEARING_SPACE | B97: PLASTER_01_S | C97: INT_WALL_LOADBEARING | D97: 0 | E97: SPACE | F97: CMF_1940_1 | G97: Goes on both sides of structure, | H97: {=IF(SUMPRODUCT(--EXACT(B97,Layers!$A$3:$A$268))=0,"No match",SUMPRODUCT(--EXACT(B97,Layers!$A$3:$A$268)))} -> 1
A98: =F98&"_"&C98&"_"&E98 -> CMF_1940_1_INT_WALL_LOADBEARING_STRUCTURE | B98: CONCRETE_2_S | C98: INT_WALL_LOADBEARING | D98: 0 | E98: STRUCTURE | F98: CMF_1940_1 | G98: Couldn't verify this element | H98: {=IF(SUMPRODUCT(--EXACT(B98,Layers!$A$3:$A$268))=0,"No match",SUMPRODUCT(--EXACT(B98,Layers!$A$3:$A$268)))} -> 1
A99: =F99&"_"&C99&"_"&E99 -> CMF_1940_1_INT_WALL_NONLOADBEARING_SPACE | B99: PLASTER_01_S | C99: INT_WALL_NONLOADBEARING | D99: 0 | E99: SPACE | F99: CMF_1940_1 | G99: Couldn't verify this element | H99: {=IF(SUMPRODUCT(--EXACT(B99,Layers!$A$3:$A$268))=0,"No match",SUMPRODUCT(--EXACT(B99,Layers!$A$3:$A$268)))} -> 1
A100: =F100&"_"&C100&"_"&E100 -> CMF_1940_1_INT_WALL_NONLOADBEARING_SPACE | B100: CONCRETE_07_S | C100: INT_WALL_NONLOADBEARING | D100: 0 | E100: SPACE | F100: CMF_1940_1 | G100: Couldn't verify this element | H100: {=IF(SUMPRODUCT(--EXACT(B100,Layers!$A$3:$A$268))=0,"No match",SUMPRODUCT(--EXACT(B100,Layers!$A$3:$A$268)))} -> 1
A101: =F101&"_"&C101&"_"&E101 -> CMF_1940_1_GROUND_FLOOR_STRUCTURE | B101: CONCRETE_16_S | C101: GROUND_FLOOR | D101: 0 | E101: STRUCTURE | F101: CMF_1940_1 | H101: {=IF(SUMPRODUCT(--EXACT(B101,Layers!$A$3:$A$268))=0,"No match",SUMPRODUCT(--EXACT(B101,Layers!$A$3:$A$268)))} -> 1
A102: =F102&"_"&C102&"_"&E102 -> CMF_1940_1_GROUND_FLOOR_SPACE | B102: COKE_ASH_08_S | C102: GROUND_FLOOR | D102: 0 | E102: SPACE | F102: CMF_1940_1 | H102: {=IF(SUMPRODUCT(--EXACT(B102,Layers!$A$3:$A$268))=0,"No match",SUMPRODUCT(--EXACT(B102,Layers!$A$3:$A$268)))} -> 1
A103: =F103&"_"&C103&"_"&E103 -> CMF_1940_1_GROUND_FLOOR_SPACE | B103: CONCRETE_05_S | C103: GROUND_FLOOR | D103: 1 | E103: SPACE | F103: CMF_1940_1 | H103: {=IF(SUMPRODUCT(--EXACT(B103,Layers!$A$3:$A$268))=0,"No match",SUMPRODUCT(--EXACT(B103,Layers!$A$3:$A$268)))} -> 1
A104: =F104&"_"&C104&"_"&E104 -> CMF_1940_1_GROUND_FLOOR_SPACE | B104: VINYL_FLOORING_04_S | C104: GROUND_FLOOR | D104: 2 | E104: SPACE | F104: CMF_1940_1 | H104: {=IF(SUMPRODUCT(--EXACT(B104,Layers!$A$3:$A$268))=0,"No match",SUMPRODUCT(--EXACT(B104,Layers!$A$3:$A$268)))} -> 1
A105: =F105&"_"&C105&"_"&E105 -> CMF_1950_BASEMENT_WALL_SPACE | B105: PLASTER_005_S | C105: BASEMENT_WALL | D105: 1 | E105: SPACE | F105: CMF_1950 | H105: {=IF(SUMPRODUCT(--EXACT(B105,Layers!$A$3:$A$268))=0,"No match",SUMPRODUCT(--EXACT(B105,Layers!$A$3:$A$268)))} -> 1
A106: =F106&"_"&C106&"_"&E106 -> CMF_1950_BASEMENT_WALL_STRUCTURE | B106: LIGHTWEIGHT_CONCRETE_MORTAR_1_C | C106: BASEMENT_WALL | D106: 0 | E106: STRUCTURE | F106: CMF_1950 | H106: {=IF(SUMPRODUCT(--EXACT(B106,Layers!$A$3:$A$268))=0,"No match",SUMPRODUCT(--EXACT(B106,Layers!$A$3:$A$268)))} -> 1
A107: =F107&"_"&C107&"_"&E107 -> CMF_1950_BASEMENT_WALL_STRUCTURE | B107: CONCRETE_2_S | C107: BASEMENT_WALL | D107: 1 | E107: STRUCTURE | F107: CMF_1950 | H107: {=IF(SUMPRODUCT(--EXACT(B107,Layers!$A$3:$A$268))=0,"No match",SUMPRODUCT(--EXACT(B107,Layers!$A$3:$A$268)))} -> 1
A108: =F108&"_"&C108&"_"&E108 -> CMF_1950_BASEMENT_FLOOR_STRUCTURE | B108: CONCRETE_3_S | C108: BASEMENT_FLOOR | D108: 0 | E108: STRUCTURE | F108: CMF_1950 | H108: {=IF(SUMPRODUCT(--EXACT(B108,Layers!$A$3:$A$268))=0,"No match",SUMPRODUCT(--EXACT(B108,Layers!$A$3:$A$268)))} -> 1
A109: =F109&"_"&C109&"_"&E109 -> CMF_1940_1_BASEMENT_FLOOR_STRUCTURE | B109: CONCRETE_08_S | C109: BASEMENT_FLOOR | D109: 0 | E109: STRUCTURE | F109: CMF_1940_1 | H109: {=IF(SUMPRODUCT(--EXACT(B109,Layers!$A$3:$A$268))=0,"No match",SUMPRODUCT(--EXACT(B109,Layers!$A$3:$A$268)))} -> 1
A110: =F110&"_"&C110&"_"&E110 -> CMF_1940_1_BASEMENT_WALL_SKIN | B110: PLASTER_005_S | C110: BASEMENT_WALL | D110: 0 | E110: SKIN | F110: CMF_1940_1 | H110: {=IF(SUMPRODUCT(--EXACT(B110,Layers!$A$3:$A$268))=0,"No match",SUMPRODUCT(--EXACT(B110,Layers!$A$3:$A$268)))} -> 1
A111: =F111&"_"&C111&"_"&E111 -> CMF_1940_1_BASEMENT_WALL_STRUCTURE | B111: CONCRETE_23_S | C111: BASEMENT_WALL | D111: 0 | E111: STRUCTURE | F111: CMF_1940_1 | H111: {=IF(SUMPRODUCT(--EXACT(B111,Layers!$A$3:$A$268))=0,"No match",SUMPRODUCT(--EXACT(B111,Layers!$A$3:$A$268)))} -> 1
A112: =F112&"_"&C112&"_"&E112 -> CMF_1940_1_BASEMENT_WALL_SPACE | B112: WOOD_WOOL_BOARD_025_S | C112: BASEMENT_WALL | D112: 0 | E112: SPACE | F112: CMF_1940_1 | H112: {=IF(SUMPRODUCT(--EXACT(B112,Layers!$A$3:$A$268))=0,"No match",SUMPRODUCT(--EXACT(B112,Layers!$A$3:$A$268)))} -> 1
... A129: =F129&"_"&C129&"_"&E129 -> CMF_1960_2_BASEMENT_WALL_STRUCTURE | B129: CONCRETE_3_S | C129: BASEMENT_WALL | D129: 0 | E129: STRUCTURE | F129: CMF_1960_2 | H129: {=IF(SUMPRODUCT(--EXACT(B129,Layers!$A$3:$A$268))=0,"No match",SUMPRODUCT(--EXACT(B129,Layers!$A$3:$A$268)))} -> 1
A130: =F130&"_"&C130&"_"&E130 -> CMF_1960_2_INT_WALL_NONLOADBEARING_SPACE | C130: INT_WALL_NONLOADBEARING | D130: 0 | E130: SPACE | F130: CMF_1960_2 | G130: No souce found | H130: {=IF(SUMPRODUCT(--EXACT(B130,Layers!$A$3:$A$268))=0,"No match",SUMPRODUCT(--EXACT(B130,Layers!$A$3:$A$268)))} -> 186
A131: =F131&"_"&C131&"_"&E131 -> CMF_1960_2_INT_WALL_NONLOADBEARING_STRUCTURE | C131: INT_WALL_NONLOADBEARING | D131: 0 | E131: STRUCTURE | F131: CMF_1960_2 | G131: No souce found | H131: {=IF(SUMPRODUCT(--EXACT(B131,Layers!$A$3:$A$268))=0,"No match",SUMPRODUCT(--EXACT(B131,Layers!$A$3:$A$268)))} -> 186
A132: =F132&"_"&C132&"_"&E132 -> CMF_1970_ROOF_SKIN | B132: PLYWOOD_017_S | C132: ROOF | D132: 0 | E132: SKIN | F132: CMF_1970 | H132: {=IF(SUMPRODUCT(--EXACT(B132,Layers!$A$3:$A$268))=0,"No match",SUMPRODUCT(--EXACT(B132,Layers!$A$3:$A$268)))} -> 1
A133: =F133&"_"&C133&"_"&E133 -> CMF_1970_ROOF_SKIN | B133: GALVANIZED_SHEET_METAL_003_S | C133: ROOF | D133: 1 | E133: SKIN | F133: CMF_1970 | H133: {=IF(SUMPRODUCT(--EXACT(B133,Layers!$A$3:$A$268))=0,"No match",SUMPRODUCT(--EXACT(B133,Layers!$A$3:$A$268)))} -> 1
A134: =F134&"_"&C134&"_"&E134 -> CMF_1970_TOP_FLOOR_SKIN | B134: MINERAL_WOOL_3_S | C134: TOP_FLOOR | D134: 0 | E134: SKIN | F134: CMF_1970 | H134: {=IF(SUMPRODUCT(--EXACT(B134,Layers!$A$3:$A$268))=0,"No match",SUMPRODUCT(--EXACT(B134,Layers!$A$3:$A$268)))} -> 1
A135: =F135&"_"&C135&"_"&E135 -> CMF_1970_TOP_FLOOR_STRUCTURE | B135: CONCRETE_19_S | C135: TOP_FLOOR | D135: 0 | E135: STRUCTURE | F135: CMF_1970 | H135: {=IF(SUMPRODUCT(--EXACT(B135,Layers!$A$3:$A$268))=0,"No match",SUMPRODUCT(--EXACT(B135,Layers!$A$3:$A$268)))} -> 1
A136: =F136&"_"&C136&"_"&E136 -> CMF_1970_INTERMEDIATE_FLOOR_STRUCTURE | B136: CONCRETE_19_S | C136: INTERMEDIATE_FLOOR | D136: 0 | E136: STRUCTURE | F136: CMF_1970 | H136: {=IF(SUMPRODUCT(--EXACT(B136,Layers!$A$3:$A$268))=0,"No match",SUMPRODUCT(--EXACT(B136,Layers!$A$3:$A$268)))} -> 1
A137: =F137&"_"&C137&"_"&E137 -> CMF_1970_INTERMEDIATE_FLOOR_SPACE | B137: PLASTIC_MAT_01_S | C137: INTERMEDIATE_FLOOR | D137: 0 | E137: SPACE | F137: CMF_1970 | H137: {=IF(SUMPRODUCT(--EXACT(B137,Layers!$A$3:$A$268))=0,"No match",SUMPRODUCT(--EXACT(B137,Layers!$A$3:$A$268)))} -> 1
A138: =F138&"_"&C138&"_"&E138 -> CMF_1970_EXT_WALL_STRUCTURE | B138: LIGHTWEIGHT_CONCRETE_MORTAR_3_C | C138: EXT_WALL | D138: 0 | E138: STRUCTURE | F138: CMF_1970 | H138: {=IF(SUMPRODUCT(--EXACT(B138,Layers!$A$3:$A$268))=0,"No match",SUMPRODUCT(--EXACT(B138,Layers!$A$3:$A$268)))} -> 1
A139: =F139&"_"&C139&"_"&E139 -> CMF_1970_EXT_WALL_SKIN | B139: PLASTER_005_S | C139: EXT_WALL | D139: 0 | E139: SKIN | F139: CMF_1970 | H139: {=IF(SUMPRODUCT(--EXACT(B139,Layers!$A$3:$A$268))=0,"No match",SUMPRODUCT(--EXACT(B139,Layers!$A$3:$A$268)))} -> 1
A140: =F140&"_"&C140&"_"&E140 -> CMF_1970_EXT_WALL_SPACE | B140: GYPSUM_BOARD_013_S | C140: EXT_WALL | D140: 0 | E140: SPACE | F140: CMF_1970 | H140: {=IF(SUMPRODUCT(--EXACT(B140,Layers!$A$3:$A$268))=0,"No match",SUMPRODUCT(--EXACT(B140,Layers!$A$3:$A$268)))} -> 1
A141: =F141&"_"&C141&"_"&E141 -> CMF_1970_INT_WALL_LOADBEARING_STRUCTURE | B141: CONCRETE_15_S | C141: INT_WALL_LOADBEARING | D141: 0 | E141: STRUCTURE | F141: CMF_1970 | H141: {=IF(SUMPRODUCT(--EXACT(B141,Layers!$A$3:$A$268))=0,"No match",SUMPRODUCT(--EXACT(B141,Layers!$A$3:$A$268)))} -> 1
A142: =F142&"_"&C142&"_"&E142 -> CMF_1970_GROUND_FLOOR_STRUCTURE | B142: CONCRETE_2_S | C142: GROUND_FLOOR | D142: 0 | E142: STRUCTURE | F142: CMF_1970 | H142: {=IF(SUMPRODUCT(--EXACT(B142,Layers!$A$3:$A$268))=0,"No match",SUMPRODUCT(--EXACT(B142,Layers!$A$3:$A$268)))} -> 1
A143: =F143&"_"&C143&"_"&E143 -> CMF_1970_GROUND_FLOOR_STRUCTURE | B143: AIR_GAP_WOODEN_RAFTER_05_C | C143: GROUND_FLOOR | D143: 1 | E143: STRUCTURE | F143: CMF_1970 | H143: {=IF(SUMPRODUCT(--EXACT(B143,Layers!$A$3:$A$268))=0,"No match",SUMPRODUCT(--EXACT(B143,Layers!$A$3:$A$268)))} -> 1
A144: =F144&"_"&C144&"_"&E144 -> CMF_1970_GROUND_FLOOR_SPACE | B144: PLASTIC_MAT_01_S | C144: GROUND_FLOOR | D144: 0 | E144: SPACE | F144: CMF_1970 | H144: {=IF(SUMPRODUCT(--EXACT(B144,Layers!$A$3:$A$268))=0,"No match",SUMPRODUCT(--EXACT(B144,Layers!$A$3:$A$268)))} -> 1
A145: =F145&"_"&C145&"_"&E145 -> CMF_1970_BASEMENT_FLOOR_SKIN | C145: BASEMENT_FLOOR | D145: 0 | E145: SKIN | F145: CMF_1970 | G145: No souce found | H145: {=IF(SUMPRODUCT(--EXACT(B145,Layers!$A$3:$A$268))=0,"No match",SUMPRODUCT(--EXACT(B145,Layers!$A$3:$A$268)))} -> 186
...

Sheet Elements
A1: Element Code | B1: Element type | C1: Archetype | D1: Components
A2: A code for the element used as reference for the element in the Building sheet | B2: A finite list of elements to choose from to create a full building defenition | C2: Code for archetype inhertied from BUD_MI | D2: The components used in each element
A3: =C3&"_"&B3 -> CMF_1950_ROOF | B3: ROOF | C3: CMF_1950 | D3: {=IFERROR(TRANSPOSE(_xlfn._xlws.FILTER(Components!$A$3:$A$302,(Components!$C$3:$C$302=B3)*(Components!$F$3:$F$302=C3))),"No matches found")} -> CMF_1950_ROOF_SKIN | E3: CMF_1950_ROOF_SKIN | F3: CMF_1950_ROOF_STRUCTURE | G3: CMF_1950_ROOF_STRUCTURE
A4: =C4&"_"&B4 -> CMF_1950_TOP_FLOOR | B4: TOP_FLOOR | C4: CMF_1950 | D4: {=IFERROR(TRANSPOSE(_xlfn._xlws.FILTER(Components!$A$3:$A$302,(Components!$C$3:$C$302=B4)*(Components!$F$3:$F$302=C4))),"No matches found")} -> CMF_1950_TOP_FLOOR_SPACE | E4: CMF_1950_TOP_FLOOR_SPACE | F4: CMF_1950_TOP_FLOOR_STRUCTURE
A5: =C5&"_"&B5 -> CMF_1950_INTERMEDIATE_FLOOR | B5: INTERMEDIATE_FLOOR | C5: CMF_1950 | D5: {=IFERROR(TRANSPOSE(_xlfn._xlws.FILTER(Components!$A$3:$A$302,(Components!$C$3:$C$302=B5)*(Components!$F$3:$F$302=C5))),"No matches found")} -> CMF_1950_INTERMEDIATE_FLOOR_SPACE | E5: CMF_1950_INTERMEDIATE_FLOOR_SPACE | F5: CMF_1950_INTERMEDIATE_FLOOR_SPACE | G5: CMF_1950_INTERMEDIATE_FLOOR_STRUCTURE | H5: CMF_1950_INTERMEDIATE_FLOOR_SPACE
A6: =C6&"_"&B6 -> CMF_1950_GROUND_FLOOR | B6: GROUND_FLOOR | C6: CMF_1950 | D6: {=IFERROR(TRANSPOSE(_xlfn._xlws.FILTER(Components!$A$3:$A$302,(Components!$C$3:$C$302=B6)*(Components!$F$3:$F$302=C6))),"No matches found")} -> CMF_1950_GROUND_FLOOR_SPACE | E6: CMF_1950_GROUND_FLOOR_SPACE | F6: CMF_1950_GROUND_FLOOR_STRUCTURE | G6: CMF_1950_GROUND_FLOOR_STRUCTURE | H6: CMF_1950_GROUND_FLOOR_STRUCTURE
A7: =C7&"_"&B7 -> CMF_1950_BASEMENT_FLOOR | B7: BASEMENT_FLOOR | C7: CMF_1950 | D7: {=IFERROR(TRANSPOSE(_xlfn._xlws.FILTER(Components!$A$3:$A$302,(Components!$C$3:$C$302=B7)*(Components!$F$3:$F$302=C7))),"No matches found")} -> CMF_1950_BASEMENT_FLOOR_STRUCTURE
A8: =C8&"_"&B8 -> CMF_1950_EXT_WALL_LOW | B8: EXT_WALL_LOW | C8: CMF_1950 | D8: {=IFERROR(TRANSPOSE(_xlfn._xlws.FILTER(Components!$A$3:$A$302,(Components!$C$3:$C$302=B8)*(Components!$F$3:$F$302=C8))),"No matches found")} -> CMF_1950_EXT_WALL_LOW_SKIN | E8: CMF_1950_EXT_WALL_LOW_STRUCTURE | F8: CMF_1950_EXT_WALL_LOW_STRUCTURE | G8: CMF_1950_EXT_WALL_LOW_STRUCTURE | H8: CMF_1950_EXT_WALL_LOW_SPACE
A9: =C9&"_"&B9 -> CMF_1950_EXT_WALL_MEDIUM | B9: EXT_WALL_MEDIUM | C9: CMF_1950 | D9: {=IFERROR(TRANSPOSE(_xlfn._xlws.FILTER(Components!$A$3:$A$302,(Components!$C$3:$C$302=B9)*(Components!$F$3:$F$302=C9))),"No matches found")} -> CMF_1950_EXT_WALL_MEDIUM_SKIN | E9: CMF_1950_EXT_WALL_MEDIUM_STRUCTURE | F9: CMF_1950_EXT_WALL_MEDIUM_SPACE
A10: =C10&"_"&B10 -> CMF_1950_EXT_WALL_HIGH | B10: EXT_WALL_HIGH | C10: CMF_1950 | D10: {=IFERROR(TRANSPOSE(_xlfn._xlws.FILTER(Components!$A$3:$A$302,(Components!$C$3:$C$302=B10)*(Components!$F$3:$F$302=C10))),"No matches found")} -> CMF_1950_EXT_WALL_HIGH_SKIN | E10: CMF_1950_EXT_WALL_HIGH_STRUCTURE
A11: =C11&"_"&B11 -> CMF_1950_BASEMENT_WALL | B11: BASEMENT_WALL | C11: CMF_1950 | D11: {=IFERROR(TRANSPOSE(_xlfn._xlws.FILTER(Components!$A$3:$A$302,(Components!$C$3:$C$302=B11)*(Components!$F$3:$F$302=C11))),"No matches found")} -> CMF_1950_BASEMENT_WALL_SPACE | E11: CMF_1950_BASEMENT_WALL_STRUCTURE | F11: CMF_1950_BASEMENT_WALL_STRUCTURE
A12: =C12&"_"&B12 -> CMF_1950_INT_WALL_LOADBEARING | B12: INT_WALL_LOADBEARING | C12: CMF_1950 | D12: {=IFERROR(TRANSPOSE(_xlfn._xlws.FILTER(Components!$A$3:$A$302,(Components!$C$3:$C$302=B12)*(Components!$F$3:$F$302=C12))),"No matches found")} -> CMF_1950_INT_WALL_LOADBEARING_STRUCTURE
A13: =C13&"_"&B13 -> CMF_1950_INT_WALL_NONLOADBEARING | B13: INT_WALL_NONLOADBEARING | C13: CMF_1950 | D13: {=IFERROR(TRANSPOSE(_xlfn._xlws.FILTER(Components!$A$3:$A$302,(Components!$C$3:$C$302=B13)*(Components!$F$3:$F$302=C13))),"No matches found")} -> CMF_1950_INT_WALL_NONLOADBEARING_SKIN | E13: CMF_1950_INT_WALL_NONLOADBEARING_STRUCTURE | F13: CMF_1950_INT_WALL_NONLOADBEARING_SPACE | G13: CMF_1950_INT_WALL_NONLOADBEARING_STRUCTURE
A14: =C14&"_"&B14 -> CMF_1950_EXT_WALL | B14: EXT_WALL | C14: CMF_1950 | D14: {=IFERROR(TRANSPOSE(_xlfn._xlws.FILTER(Components!$A$3:$A$302,(Components!$C$3:$C$302=B14)*(Components!$F$3:$F$302=C14))),"No matches found")} -> No matches found
A15: =C15&"_"&B15 -> CMF_1940_1_ROOF | B15: ROOF | C15: CMF_1940_1 | D15: {=IFERROR(TRANSPOSE(_xlfn._xlws.FILTER(Components!$A$3:$A$302,(Components!$C$3:$C$302=B15)*(Components!$F$3:$F$302=C15))),"No matches found")} -> CMF_1940_1_ROOF_SKIN | E15: CMF_1940_1_ROOF_SKIN | F15: CMF_1940_1_ROOF_SKIN | G15: CMF_1940_1_ROOF_SKIN
A16: =C16&"_"&B16 -> CMF_1940_1_TOP_FLOOR | B16: TOP_FLOOR | C16: CMF_1940_1 | D16: {=IFERROR(TRANSPOSE(_xlfn._xlws.FILTER(Components!$A$3:$A$302,(Components!$C$3:$C$302=B16)*(Components!$F$3:$F$302=C16))),"No matches found")} -> CMF_1940_1_TOP_FLOOR_SPACE | E16: CMF_1940_1_TOP_FLOOR_SPACE | F16: CMF_1940_1_TOP_FLOOR_SPACE | G16: CMF_1940_1_TOP_FLOOR_STRUCTURE
A17: =C17&"_"&B17 -> CMF_1940_1_INTERMEDIATE_FLOOR | B17: INTERMEDIATE_FLOOR | C17: CMF_1940_1 | D17: {=IFERROR(TRANSPOSE(_xlfn._xlws.FILTER(Components!$A$3:$A$302,(Components!$C$3:$C$302=B17)*(Components!$F$3:$F$302=C17))),"No matches found")} -> CMF_1940_1_INTERMEDIATE_FLOOR_SPACE | E17: CMF_1940_1_INTERMEDIATE_FLOOR_SPACE | F17: CMF_1940_1_INTERMEDIATE_FLOOR_SPACE | G17: CMF_1940_1_INTERMEDIATE_FLOOR_STRUCTURE | H17: CMF_1940_1_INTERMEDIATE_FLOOR_SPACE | I17: CMF_1940_1_INTERMEDIATE_FLOOR_SPACE | J17: CMF_1940_1_INTERMEDIATE_FLOOR_SPACE
A18: =C18&"_"&B18 -> CMF_1940_1_GROUND_FLOOR | B18: GROUND_FLOOR | C18: CMF_1940_1 | D18: {=IFERROR(TRANSPOSE(_xlfn._xlws.FILTER(Components!$A$3:$A$302,(Components!$C$3:$C$302=B18)*(Components!$F$3:$F$302=C18))),"No matches found")} -> CMF_1940_1_GROUND_FLOOR_STRUCTURE | E18: CMF_1940_1_GROUND_FLOOR_SPACE | F18: CMF_1940_1_GROUND_FLOOR_SPACE | G18: CMF_1940_1_GROUND_FLOOR_SPACE
A19: =C19&"_"&B19 -> CMF_1940_1_BASEMENT_FLOOR | B19: BASEMENT_FLOOR | C19: CMF_1940_1 | D19: {=IFERROR(TRANSPOSE(_xlfn._xlws.FILTER(Components!$A$3:$A$302,(Components!$C$3:$C$302=B19)*(Components!$F$3:$F$302=C19))),"No matches found")} -> CMF_1940_1_BASEMENT_FLOOR_STRUCTURE
A20: =C20&"_"&B20 -> CMF_1940_1_EXT_WALL_LOW | B20: EXT_WALL_LOW | C20: CMF_1940_1 | D20: {=IFERROR(TRANSPOSE(_xlfn._xlws.FILTER(Components!$A$3:$A$302,(Components!$C$3:$C$302=B20)*(Components!$F$3:$F$302=C20))),"No matches found")} -> No matches found
A21: =C21&"_"&B21 -> CMF_1940_1_EXT_WALL_MEDIUM | B21: EXT_WALL_MEDIUM | C21: CMF_1940_1 | D21: {=IFERROR(TRANSPOSE(_xlfn._xlws.FILTER(Components!$A$3:$A$302,(Components!$C$3:$C$302=B21)*(Components!$F$3:$F$302=C21))),"No matches found")} -> No matches found
A22: =C22&"_"&B22 -> CMF_1940_1_EXT_WALL_HIGH | B22: EXT_WALL_HIGH | C22: CMF_1940_1 | D22: {=IFERROR(TRANSPOSE(_xlfn._xlws.FILTER(Components!$A$3:$A$302,(Components!$C$3:$C$302=B22)*(Components!$F$3:$F$302=C22))),"No matches found")} -> No matches found
A23: =C23&"_"&B23 -> CMF_1940_1_BASEMENT_WALL | B23: BASEMENT_WALL | C23: CMF_1940_1 | D23: {=IFERROR(TRANSPOSE(_xlfn._xlws.FILTER(Components!$A$3:$A$302,(Components!$C$3:$C$302=B23)*(Components!$F$3:$F$302=C23))),"No matches found")} -> CMF_1940_1_BASEMENT_WALL_SKIN | E23: CMF_1940_1_BASEMENT_WALL_STRUCTURE | F23: CMF_1940_1_BASEMENT_WALL_SPACE
A24: =C24&"_"&B24 -> CMF_1940_1_INT_WALL_LOADBEARING | B24: INT_WALL_LOADBEARING | C24: CMF_1940_1 | D24: {=IFERROR(TRANSPOSE(_xlfn._xlws.FILTER(Components!$A$3:$A$302,(Components!$C$3:$C$302=B24)*(Components!$F$3:$F$302=C24))),"No matches found")} -> CMF_1940_1_INT_WALL_LOADBEARING_SPACE | E24: CMF_1940_1_INT_WALL_LOADBEARING_STRUCTURE
A25: =C25&"_"&B25 -> CMF_1940_1_INT_WALL_NONLOADBEARING | B25: INT_WALL_NONLOADBEARING | C25: CMF_1940_1 | D25: {=IFERROR(TRANSPOSE(_xlfn._xlws.FILTER(Components!$A$3:$A$302,(Components!$C$3:$C$302=B25)*(Components!$F$3:$F$302=C25))),"No matches found")} -> CMF_1940_1_INT_WALL_NONLOADBEARING_SPACE | E25: CMF_1940_1_INT_WALL_NONLOADBEARING_SPACE
A26: =C26&"_"&B26 -> CMF_1940_1_EXT_WALL | B26: EXT_WALL | C26: CMF_1940_1 | D26: {=IFERROR(TRANSPOSE(_xlfn._xlws.FILTER(Components!$A$3:$A$302,(Components!$C$3:$C$302=B26)*(Components!$F$3:$F$302=C26))),"No matches found")} -> CMF_1940_1_EXT_WALL_SKIN | E26: CMF_1940_1_EXT_WALL_STRUCTURE | F26: CMF_1940_1_EXT_WALL_SPACE
A27: =C27&"_"&B27 -> CMF_1960_1_ROOF | B27: ROOF | C27: CMF_1960_1 | D27: {=IFERROR(TRANSPOSE(_xlfn._xlws.FILTER(Components!$A$3:$A$302,(Components!$C$3:$C$302=B27)*(Components!$F$3:$F$302=C27))),"No matches found")} -> CMF_1960_1_ROOF_SKIN | E27: CMF_1960_1_ROOF_SKIN | F27: CMF_1960_1_ROOF_SKIN | G27: CMF_1960_1_ROOF_SKIN | H27: CMF_1960_1_ROOF_SKIN
A28: =C28&"_"&B28 -> CMF_1960_1_TOP_FLOOR | B28: TOP_FLOOR | C28: CMF_1960_1 | D28: {=IFERROR(TRANSPOSE(_xlfn._xlws.FILTER(Components!$A$3:$A$302,(Components!$C$3:$C$302=B28)*(Components!$F$3:$F$302=C28))),"No matches found")} -> CMF_1960_1_TOP_FLOOR_SPACE | E28: CMF_1960_1_TOP_FLOOR_SPACE | F28: CMF_1960_1_TOP_FLOOR_SPACE | G28: CMF_1960_1_TOP_FLOOR_STRUCTURE
A29: =C29&"_"&B29 -> CMF_1960_1_INTERMEDIATE_FLOOR | B29: INTERMEDIATE_FLOOR | C29: CMF_1960_1 | D29: {=IFERROR(TRANSPOSE(_xlfn._xlws.FILTER(Components!$A$3:$A$302,(Components!$C$3:$C$302=B29)*(Components!$F$3:$F$302=C29))),"No matches found")} -> CMF_1960_1_INTERMEDIATE_FLOOR_SPACE | E29: CMF_1960_1_INTERMEDIATE_FLOOR_SPACE | F29: CMF_1960_1_INTERMEDIATE_FLOOR_STRUCTURE | G29: CMF_1960_1_INTERMEDIATE_FLOOR_SPACE
A30: =C30&"_"&B30 -> CMF_1960_1_GROUND_FLOOR | B30: GROUND_FLOOR | C30: CMF_1960_1 | D30: {=IFERROR(TRANSPOSE(_xlfn._xlws.FILTER(Components!$A$3:$A$302,(Components!$C$3:$C$302=B30)*(Components!$F$3:$F$302=C30))),"No matches found")} -> CMF_1960_1_GROUND_FLOOR_SPACE | E30: CMF_1960_1_GROUND_FLOOR_SPACE | F30: CMF_1960_1_GROUND_FLOOR_STRUCTURE | G30: CMF_1960_1_GROUND_FLOOR_SKIN
A31: =C31&"_"&B31 -> CMF_1960_1_BASEMENT_FLOOR | B31: BASEMENT_FLOOR | C31: CMF_1960_1 | D31: {=IFERROR(TRANSPOSE(_xlfn._xlws.FILTER(Components!$A$3:$A$302,(Components!$C$3:$C$302=B31)*(Components!$F$3:$F$302=C31))),"No matches found")} -> CMF_1960_1_BASEMENT_FLOOR_SKIN | E31: CMF_1960_1_BASEMENT_FLOOR_STRUCTURE | F31: CMF_1960_1_BASEMENT_FLOOR_SPACE
A32: =C32&"_"&B32 -> CMF_1960_1_EXT_WALL_LOW | B32: EXT_WALL_LOW | C32: CMF_1960_1 | D32: {=IFERROR(TRANSPOSE(_xlfn._xlws.FILTER(Components!$A$3:$A$302,(Components!$C$3:$C$302=B32)*(Components!$F$3:$F$302=C32))),"No matches found")} -> No matches found
A33: =C33&"_"&B33 -> CMF_1960_1_EXT_WALL_MEDIUM | B33: EXT_WALL_MEDIUM | C33: CMF_1960_1 | D33: {=IFERROR(TRANSPOSE(_xlfn._xlws.FILTER(Components!$A$3:$A$302,(Components!$C$3:$C$302=B33)*(Components!$F$3:$F$302=C33))),"No matches found")} -> No matches found
A34: =C34&"_"&B34 -> CMF_1960_1_EXT_WALL_HIGH | B34: EXT_WALL_HIGH | C34: CMF_1960_1 | D34: {=IFERROR(TRANSPOSE(_xlfn._xlws.FILTER(Components!$A$3:$A$302,(Components!$C$3:$C$302=B34)*(Components!$F$3:$F$302=C34))),"No matches found")} -> No matches found
A35: =C35&"_"&B35 -> CMF_1960_1_BASEMENT_WALL | B35: BASEMENT_WALL | C35: CMF_1960_1 | D35: {=IFERROR(TRANSPOSE(_xlfn._xlws.FILTER(Components!$A$3:$A$302,(Components!$C$3:$C$302=B35)*(Components!$F$3:$F$302=C35))),"No matches found")} -> CMF_1960_1_BASEMENT_WALL_SKIN | E35: CMF_1960_1_BASEMENT_WALL_STRUCTURE | F35: CMF_1960_1_BASEMENT_WALL_SPACE
A36: =C36&"_"&B36 -> CMF_1960_1_INT_WALL_LOADBEARING | B36: INT_WALL_LOADBEARING | C36: CMF_1960_1 | D36: {=IFERROR(TRANSPOSE(_xlfn._xlws.FILTER(Components!$A$3:$A$302,(Components!$C$3:$C$302=B36)*(Components!$F$3:$F$302=C36))),"No matches found")} -> CMF_1960_1_INT_WALL_LOADBEARING_SPACE | E36: CMF_1960_1_INT_WALL_LOADBEARING_STRUCTURE
A37: =C37&"_"&B37 -> CMF_1960_1_INT_WALL_NONLOADBEARING | B37: INT_WALL_NONLOADBEARING | C37: CMF_1960_1 | D37: {=IFERROR(TRANSPOSE(_xlfn._xlws.FILTER(Components!$A$3:$A$302,(Components!$C$3:$C$302=B37)*(Components!$F$3:$F$302=C37))),"No matches found")} -> CMF_1960_1_INT_WALL_NONLOADBEARING_SPACE | E37: CMF_1960_1_INT_WALL_NONLOADBEARING_STRUCTURE
A38: =C38&"_"&B38 -> CMF_1960_1_EXT_WALL | B38: EXT_WALL | C38: CMF_1960_1 | D38: {=IFERROR(TRANSPOSE(_xlfn._xlws.FILTER(Components!$A$3:$A$302,(Components!$C$3:$C$302=B38)*(Components!$F$3:$F$302=C38))),"No matches found")} -> CMF_1960_1_EXT_WALL_SKIN | E38: CMF_1960_1_EXT_WALL_SPACE | F38: CMF_1960_1_EXT_WALL_SKIN | G38: CMF_1960_1_EXT_WALL_STRUCTURE | H38: CMF_1960_1_EXT_WALL_SPACE | I38: CMF_1960_1_EXT_WALL_SPACE
A39: =C39&"_"&B39 -> CMF_1960_2_ROOF | B39: ROOF | C39: CMF_1960_2 | D39: {=IFERROR(TRANSPOSE(_xlfn._xlws.FILTER(Components!$A$3:$A$302,(Components!$C$3:$C$302=B39)*(Components!$F$3:$F$302=C39))),"No matches found")} -> CMF_1960_2_ROOF_SKIN | E39: CMF_1960_2_ROOF_SKIN | F39: CMF_1960_2_ROOF_SKIN | G39: CMF_1960_2_ROOF_STRUCTURE
A40: =C40&"_"&B40 -> CMF_1960_2_TOP_FLOOR | B40: TOP_FLOOR | C40: CMF_1960_2 | D40: {=IFERROR(TRANSPOSE(_xlfn._xlws.FILTER(Components!$A$3:$A$302,(Components!$C$3:$C$302=B40)*(Components!$F$3:$F$302=C40))),"No matches found")} -> CMF_1960_2_TOP_FLOOR_SPACE | E40: CMF_1960_2_TOP_FLOOR_SPACE | F40: CMF_1960_2_TOP_FLOOR_STRUCTURE
A41: =C41&"_"&B41 -> CMF_1960_2_INTERMEDIATE_FLOOR | B41: INTERMEDIATE_FLOOR | C41: CMF_1960_2 | D41: {=IFERROR(TRANSPOSE(_xlfn._xlws.FILTER(Components!$A$3:$A$302,(Components!$C$3:$C$302=B41)*(Components!$F$3:$F$302=C41))),"No matches found")} -> CMF_1960_2_INTERMEDIATE_FLOOR_STRUCTURE | E41: CMF_1960_2_INTERMEDIATE_FLOOR_SPACE | F41: CMF_1960_2_INTERMEDIATE_FLOOR_STRUCTURE | G41: CMF_1960_2_INTERMEDIATE_FLOOR_STRUCTURE | H41: CMF_1960_2_INTERMEDIATE_FLOOR_STRUCTURE
A42: =C42&"_"&B42 -> CMF_1960_2_GROUND_FLOOR | B42: GROUND_FLOOR | C42: CMF_1960_2 | D42: {=IFERROR(TRANSPOSE(_xlfn._xlws.FILTER(Components!$A$3:$A$302,(Components!$C$3:$C$302=B42)*(Components!$F$3:$F$302=C42))),"No matches found")} -> CMF_1960_2_GROUND_FLOOR_STRUCTURE | E42: CMF_1960_2_GROUND_FLOOR_SPACE | F42: CMF_1960_2_GROUND_FLOOR_STRUCTURE | G42: CMF_1960_2_GROUND_FLOOR_STRUCTURE | H42: CMF_1960_2_GROUND_FLOOR_STRUCTURE
A43: =C43&"_"&B43 -> CMF_1960_2_BASEMENT_FLOOR | B43: BASEMENT_FLOOR | C43: CMF_1960_2 | D43: {=IFERROR(TRANSPOSE(_xlfn._xlws.FILTER(Components!$A$3:$A$302,(Components!$C$3:$C$302=B43)*(Components!$F$3:$F$302=C43))),"No matches found")} -> CMF_1960_2_BASEMENT_FLOOR_STRUCTURE | E43: CMF_1960_2_BASEMENT_FLOOR_STRUCTURE | F43: CMF_1960_2_BASEMENT_FLOOR_STRUCTURE | G43: CMF_1960_2_BASEMENT_FLOOR_STRUCTURE | H43: CMF_1960_2_BASEMENT_FLOOR_STRUCTURE
A44: =C44&"_"&B44 -> CMF_1960_2_EXT_WALL_LOW | B44: EXT_WALL_LOW | C44: CMF_1960_2 | D44: {=IFERROR(TRANSPOSE(_xlfn._xlws.FILTER(Components!$A$3:$A$302,(Components!$C$3:$C$302=B44)*(Components!$F$3:$F$302=C44))),"No matches found")} -> No matches found
A45: =C45&"_"&B45 -> CMF_1960_2_EXT_WALL_MEDIUM | B45: EXT_WALL_MEDIUM | C45: CMF_1960_2 | D45: {=IFERROR(TRANSPOSE(_xlfn._xlws.FILTER(Components!$A$3:$A$302,(Components!$C$3:$C$302=B45)*(Components!$F$3:$F$302=C45))),"No matches found")} -> No matches found
A46: =C46&"_"&B46 -> CMF_1960_2_EXT_WALL_HIGH | B46: EXT_WALL_HIGH | C46: CMF_1960_2 | D46: {=IFERROR(TRANSPOSE(_xlfn._xlws.FILTER(Components!$A$3:$A$302,(Components!$C$3:$C$302=B46)*(Components!$F$3:$F$302=C46))),"No matches found")} -> No matches found
A47: =C47&"_"&B47 -> CMF_1960_2_BASEMENT_WALL | B47: BASEMENT_WALL | C47: CMF_1960_2 | D47: {=IFERROR(TRANSPOSE(_xlfn._xlws.FILTER(Components!$A$3:$A$302,(Components!$C$3:$C$302=B47)*(Components!$F$3:$F$302=C47))),"No matches found")} -> CMF_1960_2_BASEMENT_WALL_STRUCTURE
A48: =C48&"_"&B48 -> CMF_1960_2_INT_WALL_LOADBEARING | B48: INT_WALL_LOADBEARING | C48: CMF_1960_2 | D48: {=IFERROR(TRANSPOSE(_xlfn._xlws.FILTER(Components!$A$3:$A$302,(Components!$C$3:$C$302=B48)*(Components!$F$3:$F$302=C48))),"No matches found")} -> CMF_1960_2_INT_WALL_LOADBEARING_SPACE | E48: CMF_1960_2_INT_WALL_LOADBEARING_STRUCTURE
A49: =C49&"_"&B49 -> CMF_1960_2_INT_WALL_NONLOADBEARING | B49: INT_WALL_NONLOADBEARING | C49: CMF_1960_2 | D49: {=IFERROR(TRANSPOSE(_xlfn._xlws.FILTER(Components!$A$3:$A$302,(Components!$C$3:$C$302=B49)*(Components!$F$3:$F$302=C49))),"No matches found")} -> CMF_1960_2_INT_WALL_NONLOADBEARING_SPACE | E49: CMF_1960_2_INT_WALL_NONLOADBEARING_STRUCTURE
A50: =C50&"_"&B50 -> CMF_1960_2_EXT_WALL | B50: EXT_WALL | C50: CMF_1960_2 | D50: {=IFERROR(TRANSPOSE(_xlfn._xlws.FILTER(Components!$A$3:$A$302,(Components!$C$3:$C$302=B50)*(Components!$F$3:$F$302=C50))),"No matches found")} -> CMF_1960_2_EXT_WALL_SKIN | E50: CMF_1960_2_EXT_WALL_STRUCTURE | F50: CMF_1960_2_EXT_WALL_STRUCTURE | G50: CMF_1960_2_EXT_WALL_SPACE | H50: CMF_1960_2_EXT_WALL_SKIN | I50: CMF_1960_2_EXT_WALL_SKIN | J50: CMF_1960_2_EXT_WALL_STRUCTURE | K50: CMF_1960_2_EXT_WALL_SPACE | L50: CMF_1960_2_EXT_WALL_SPACE
A51: =C51&"_"&B51 -> CMF_1970_ROOF | B51: ROOF | C51: CMF_1970 | D51: {=IFERROR(TRANSPOSE(_xlfn._xlws.FILTER(Components!$A$3:$A$302,(Components!$C$3:$C$302=B51)*(Components!$F$3:$F$302=C51))),"No matches found")} -> CMF_1970_ROOF_SKIN | E51: CMF_1970_ROOF_SKIN
A52: =C52&"_"&B52 -> CMF_1970_TOP_FLOOR | B52: TOP_FLOOR | C52: CMF_1970 | D52: {=IFERROR(TRANSPOSE(_xlfn._xlws.FILTER(Components!$A$3:$A$302,(Components!$C$3:$C$302=B52)*(Components!$F$3:$F$302=C52))),"No matches found")} -> CMF_1970_TOP_FLOOR_SKIN | E52: CMF_1970_TOP_FLOOR_STRUCTURE
A53: =C53&"_"&B53 -> CMF_1970_INTERMEDIATE_FLOOR | B53: INTERMEDIATE_FLOOR | C53: CMF_1970 | D53: {=IFERROR(TRANSPOSE(_xlfn._xlws.FILTER(Components!$A$3:$A$302,(Components!$C$3:$C$302=B53)*(Components!$F$3:$F$302=C53))),"No matches found")} -> CMF_1970_INTERMEDIATE_FLOOR_STRUCTURE | E53: CMF_1970_INTERMEDIATE_FLOOR_SPACE
A54: =C54&"_"&B54 -> CMF_1970_GROUND_FLOOR | B54: GROUND_FLOOR | C54: CMF_1970 | D54: {=IFERROR(TRANSPOSE(_xlfn._xlws.FILTER(Components!$A$3:$A$302,(Components!$C$3:$C$302=B54)*(Components!$F$3:$F$302=C54))),"No matches found")} -> CMF_1970_GROUND_FLOOR_STRUCTURE | E54: CMF_1970_GROUND_FLOOR_STRUCTURE | F54: CMF_1970_GROUND_FLOOR_SPACE
A55: =C55&"_"&B55 -> CMF_1970_BASEMENT_FLOOR | B55: BASEMENT_FLOOR | C55: CMF_1970 | D55: {=IFERROR(TRANSPOSE(_xlfn._xlws.FILTER(Components!$A$3:$A$302,(Components!$C$3:$C$302=B55)*(Components!$F$3:$F$302=C55))),"No matches found")} -> CMF_1970_BASEMENT_FLOOR_SKIN | E55: CMF_1970_BASEMENT_FLOOR_STRUCTURE | F55: CMF_1970_BASEMENT_FLOOR_SPACE
A56: =C56&"_"&B56 -> CMF_1970_EXT_WALL_LOW | B56: EXT_WALL_LOW | C56: CMF_1970 | D56: {=IFERROR(TRANSPOSE(_xlfn._xlws.FILTER(Components!$A$3:$A$302,(Components!$C$3:$C$302=B56)*(Components!$F$3:$F$302=C56))),"No matches found")} -> No matches found
A57: =C57&"_"&B57 -> CMF_1970_EXT_WALL_MEDIUM | B57: EXT_WALL_MEDIUM | C57: CMF_1970 | D57: {=IFERROR(TRANSPOSE(_xlfn._xlws.FILTER(Components!$A$3:$A$302,(Components!$C$3:$C$302=B57)*(Components!$F$3:$F$302=C57))),"No matches found")} -> No matches found
A58: =C58&"_"&B58 -> CMF_1970_EXT_WALL_HIGH | B58: EXT_WALL_HIGH | C58: CMF_1970 | D58: {=IFERROR(TRANSPOSE(_xlfn._xlws.FILTER(Components!$A$3:$A$302,(Components!$C$3:$C$302=B58)*(Components!$F$3:$F$302=C58))),"No matches found")} -> No matches found
A59: =C59&"_"&B59 -> CMF_1970_BASEMENT_WALL | B59: BASEMENT_WALL | C59: CMF_1970 | D59: {=IFERROR(TRANSPOSE(_xlfn._xlws.FILTER(Components!$A$3:$A$302,(Components!$C$3:$C$302=B59)*(Components!$F$3:$F$302=C59))),"No matches found")} -> CMF_1970_BASEMENT_WALL_SKIN | E59: CMF_1970_BASEMENT_WALL_STRUCTURE | F59: CMF_1970_BASEMENT_WALL_SPACE
A60: =C60&"_"&B60 -> CMF_1970_INT_WALL_LOADBEARING | B60: INT_WALL_LOADBEARING | C60: CMF_1970 | D60: {=IFERROR(TRANSPOSE(_xlfn._xlws.FILTER(Components!$A$3:$A$302,(Components!$C$3:$C$302=B60)*(Components!$F$3:$F$302=C60))),"No matches found")} -> CMF_1970_INT_WALL_LOADBEARING_STRUCTURE
A61: =C61&"_"&B61 -> CMF_1970_INT_WALL_NONLOADBEARING | B61: INT_WALL_NONLOADBEARING | C61: CMF_1970 | D61: {=IFERROR(TRANSPOSE(_xlfn._xlws.FILTER(Components!$A$3:$A$302,(Components!$C$3:$C$302=B61)*(Components!$F$3:$F$302=C61))),"No matches found")} -> CMF_1970_INT_WALL_NONLOADBEARING_SPACE | E61: CMF_1970_INT_WALL_NONLOADBEARING_STRUCTURE
A62: =C62&"_"&B62 -> CMF_1970_EXT_WALL | B62: EXT_WALL | C62: CMF_1970 | D62: {=IFERROR(TRANSPOSE(_xlfn._xlws.FILTER(Components!$A$3:$A$302,(Components!$C$3:$C$302=B62)*(Components!$F$3:$F$302=C62))),"No matches found")} -> CMF_1970_EXT_WALL_STRUCTURE | E62: CMF_1970_EXT_WALL_SKIN | F62: CMF_1970_EXT_WALL_SPACE
A63: =C63&"_"&B63 -> CMF_1980_ROOF | B63: ROOF | C63: CMF_1980 | D63: {=IFERROR(TRANSPOSE(_xlfn._xlws.FILTER(Components!$A$3:$A$302,(Components!$C$3:$C$302=B63)*(Components!$F$3:$F$302=C63))),"No matches found")} -> CMF_1980_ROOF_SKIN | E63: CMF_1980_ROOF_SKIN
A64: =C64&"_"&B64 -> CMF_1980_TOP_FLOOR | B64: TOP_FLOOR | C64: CMF_1980 | D64: {=IFERROR(TRANSPOSE(_xlfn._xlws.FILTER(Components!$A$3:$A$302,(Components!$C$3:$C$302=B64)*(Components!$F$3:$F$302=C64))),"No matches found")} -> CMF_1980_TOP_FLOOR_SKIN | E64: CMF_1980_TOP_FLOOR_STRUCTURE
A65: =C65&"_"&B65 -> CMF_1980_INTERMEDIATE_FLOOR | B65: INTERMEDIATE_FLOOR | C65: CMF_1980 | D65: {=IFERROR(TRANSPOSE(_xlfn._xlws.FILTER(Components!$A$3:$A$302,(Components!$C$3:$C$302=B65)*(Components!$F$3:$F$302=C65))),"No matches found")} -> CMF_1980_INTERMEDIATE_FLOOR_STRUCTURE | E65: CMF_1980_INTERMEDIATE_FLOOR_SPACE
A66: =C66&"_"&B66 -> CMF_1980_GROUND_FLOOR | B66: GROUND_FLOOR | C66: CMF_1980 | D66: {=IFERROR(TRANSPOSE(_xlfn._xlws.FILTER(Components!$A$3:$A$302,(Components!$C$3:$C$302=B66)*(Components!$F$3:$F$302=C66))),"No matches found")} -> CMF_1980_GROUND_FLOOR_STRUCTURE | E66: CMF_1980_GROUND_FLOOR_STRUCTURE | F66: CMF_1980_GROUND_FLOOR_SPACE
A67: =C67&"_"&B67 -> CMF_1980_BASEMENT_FLOOR | B67: BASEMENT_FLOOR | C67: CMF_1980 | D67: {=IFERROR(TRANSPOSE(_xlfn._xlws.FILTER(Components!$A$3:$A$302,(Components!$C$3:$C$302=B67)*(Components!$F$3:$F$302=C67))),"No matches found")} -> CMF_1980_BASEMENT_FLOOR_SKIN | E67: CMF_1980_BASEMENT_FLOOR_STRUCTURE | F67: CMF_1980_BASEMENT_FLOOR_SPACE
A68: =C68&"_"&B68 -> CMF_1980_EXT_WALL_LOW | B68: EXT_WALL_LOW | C68: CMF_1980 | D68: {=IFERROR(TRANSPOSE(_xlfn._xlws.FILTER(Components!$A$3:$A$302,(Components!$C$3:$C$302=B68)*(Components!$F$3:$F$302=C68))),"No matches found")} -> No matches found
A69: =C69&"_"&B69 -> CMF_1980_EXT_WALL_MEDIUM | B69: EXT_WALL_MEDIUM | C69: CMF_1980 | D69: {=IFERROR(TRANSPOSE(_xlfn._xlws.FILTER(Components!$A$3:$A$302,(Components!$C$3:$C$302=B69)*(Components!$F$3:$F$302=C69))),"No matches found")} -> No matches found
A70: =C70&"_"&B70 -> CMF_1980_EXT_WALL_HIGH | B70: EXT_WALL_HIGH | C70: CMF_1980 | D70: {=IFERROR(TRANSPOSE(_xlfn._xlws.FILTER(Components!$A$3:$A$302,(Components!$C$3:$C$302=B70)*(Components!$F$3:$F$302=C70))),"No matches found")} -> No matches found
A71: =C71&"_"&B71 -> CMF_1980_BASEMENT_WALL | B71: BASEMENT_WALL | C71: CMF_1980 | D71: {=IFERROR(TRANSPOSE(_xlfn._xlws.FILTER(Components!$A$3:$A$302,(Components!$C$3:$C$302=B71)*(Components!$F$3:$F$302=C71))),"No matches found")} -> CMF_1980_BASEMENT_WALL_SKIN | E71: CMF_1980_BASEMENT_WALL_STRUCTURE | F71: CMF_1980_BASEMENT_WALL_SPACE
A72: =C72&"_"&B72 -> CMF_1980_INT_WALL_LOADBEARING | B72: INT_WALL_LOADBEARING | C72: CMF_1980 | D72: {=IFERROR(TRANSPOSE(_xlfn._xlws.FILTER(Components!$A$3:$A$302,(Components!$C$3:$C$302=B72)*(Components!$F$3:$F$302=C72))),"No matches found")} -> CMF_1980_INT_WALL_LOADBEARING_STRUCTURE
A73: =C73&"_"&B73 -> CMF_1980_INT_WALL_NONLOADBEARING | B73: INT_WALL_NONLOADBEARING | C73: CMF_1980 | D73: {=IFERROR(TRANSPOSE(_xlfn._xlws.FILTER(Components!$A$3:$A$302,(Components!$C$3:$C$302=B73)*(Components!$F$3:$F$302=C73))),"No matches found")} -> CMF_1980_INT_WALL_NONLOADBEARING_SPACE | E73: CMF_1980_INT_WALL_NONLOADBEARING_STRUCTURE
A74: =C74&"_"&B74 -> CMF_1980_EXT_WALL | B74: EXT_WALL | C74: CMF_1980 | D74: {=IFERROR(TRANSPOSE(_xlfn._xlws.FILTER(Components!$A$3:$A$302,(Components!$C$3:$C$302=B74)*(Components!$F$3:$F$302=C74))),"No matches found")} -> CMF_1980_EXT_WALL_STRUCTURE | E74: CMF_1980_EXT_WALL_SKIN | F74: CMF_1980_EXT_WALL_SPACE

Sheet Building
A1: Archetype Code | B1: Multiple Exterior Wall defenitions? | C1: Roof Element | D1: Top Floor Element | E1: Intermediate Floor Element | F1: Ground Floor Element | G1: Basement Floor Element | H1: Exterior Wall Element | I1: Exterior Wall Low Element | J1: Exterior Wall Medium Element | K1: Exterior Wall High Element | L1: Basement Wall Element | M1: Interior Wall Loadbearing Element | N1: Interior Wall Non Loadbearing Element
A2: Code for the the archteype | B2: Yes if the archetype should a have exterior wall defenitions based on no. floors | C2: The roof element that should be used for th archetype | D2: The top floor element that should be used for th archetype | E2: The intermediate floor element that should be used for th archetype | F2: The ground floor element that should be used for th archetype | G2: The basement floor element that should be used for th archetype | H2: The exterior wall element that should be used for the archetype | I2: The exterior wall element that should be used for the archetype | J2: The exterior wall element that should be used for the archetype | K2: The exterior wall element that should be used for the archetype | L2: The basement wall element that should be used for th archetype | M2: The interior wall loadbearing element that should be used for th archetype | N2: The interior wall non loadbearing element that should be used for th archetype
A3: CMF_1940_1 | B3: No | C3: {=IF( COUNTIFS(Elements!$A$3:$A$300,"*"&Building!A3&"*",Elements!$B$3:$B$300,"ROOF",Elements!$D$3:$D$300,"No matches found")>0, "No components assigned to this element", IFERROR( _xlfn._xlws.FILTER(Elements!$A$3:$A$300,(ISNUMBER(SEARCH(Building!A3,Elements!$A$3:$A$300)))*(Elements!$B$3:$B$300="ROOF")), "No match" ))} -> CMF_1940_1_ROOF | D3: {=IF( COUNTIFS(Elements!$A$3:$A$300,"*"&Building!A3&"*",Elements!$B$3:$B$300,"TOP_FLOOR",Elements!$D$3:$D$300,"No matches found")>0, "No components assigned to this element", IFERROR( _xlfn._xlws.FILTER(Elements!$A$3:$A$300,(ISNUMBER(SEARCH(Building!A3,Elements!$A$3:$A$300)))*(Elements!$B$3:$B$300="TOP_FLOOR")), "No match" ))} -> CMF_1940_1_TOP_FLOOR | E3: {=IF( COUNTIFS(Elements!$A$3:$A$300,"*"&Building!A3&"*",Elements!$B$3:$B$300,"INTERMEDIATE_FLOOR",Elements!$D$3:$D$300,"No matches found")>0, "No components assigned to this element", IFERROR( _xlfn._xlws.FILTER(Elements!$A$3:$A$300,(ISNUMBER(SEARCH(Building!A3,Elements!$A$3:$A$300)))*(Elements!$B$3:$B$300="INTERMEDIATE_FLOOR")), "No match" ))} -> CMF_1940_1_INTERMEDIATE_FLOOR | F3: {=IF( COUNTIFS(Elements!$A$3:$A$300,"*"&Building!A3&"*",Elements!$B$3:$B$300,"GROUND_FLOOR",Elements!$D$3:$D$300,"No matches found")>0, "No components assigned to this element", IFERROR( _xlfn._xlws.FILTER(Elements!$A$3:$A$300,(ISNUMBER(SEARCH(Building!A3,Elements!$A$3:$A$300)))*(Elements!$B$3:$B$300="GROUND_FLOOR")), "No match" ))} -> CMF_1940_1_GROUND_FLOOR | G3: {=IF( COUNTIFS(Elements!$A$3:$A$300,"*"&Building!A3&"*",Elements!$B$3:$B$300,"BASEMENT_FLOOR",Elements!$D$3:$D$300,"No matches found")>0, "No components assigned to this element", IFERROR( _xlfn._xlws.FILTER(Elements!$A$3:$A$300,(ISNUMBER(SEARCH(Building!A3,Elements!$A$3:$A$300)))*(Elements!$B$3:$B$300="BASEMENT_FLOOR")), "No match" ))} -> CMF_1940_1_BASEMENT_FLOOR | H3: {=_xlfn.LET( _xlpm.x, IF( COUNTIFS(Elements!$A$3:$A$300,"*"&Building!A3&"*",Elements!$B$3:$B$300,"EXT_WALL",Elements!$D$3:$D$300,"No matches found")>0, "No components assigned to this element", IFERROR( _xlfn._xlws.FILTER(Elements!$A$3:$A$300,(ISNUMBER(SEARCH(Building!A3,Elements!$A$3:$A$300)))*(Elements!$B$3:$B$300="EXT_WALL")), "No match" ) ), IF((_xlpm.x="No components assigned to this element")*(B3="Yes"),"Not required",_xlpm.x) )} -> CMF_1940_1_EXT_WALL | I3: {=_xlfn.LET( _xlpm.x, IF( COUNTIFS(Elements!$A$3:$A$300,"*"&Building!A3&"*",Elements!$B$3:$B$300,"EXT_WALL_LOW",Elements!$D$3:$D$300,"No matches found")>0, "No components assigned to this element", IFERROR( _xlfn._xlws.FILTER(Elements!$A$3:$A$300,(ISNUMBER(SEARCH(Building!A3,Elements!$A$3:$A$300)))*(Elements!$B$3:$B$300="EXT_WALL_LOW")), "No match" ) ), IF((_xlpm.x="No components assigned to this element")*(B3="No"),"Not required",_xlpm.x) )} -> Not required | J3: {=_xlfn.LET( _xlpm.x, IF( COUNTIFS(Elements!$A$3:$A$300,"*"&Building!A3&"*",Elements!$B$3:$B$300,"EXT_WALL_MEDIUM",Elements!$D$3:$D$300,"No matches found")>0, "No components assigned to this element", IFERROR( _xlfn._xlws.FILTER(Elements!$A$3:$A$300,(ISNUMBER(SEARCH(Building!A3,Elements!$A$3:$A$300)))*(Elements!$B$3:$B$300="EXT_WALL_MEDIUM")), "No match" ) ), IF((_xlpm.x="No components assigned to this element")*(B3="No"),"Not required",_xlpm.x))} -> Not required | K3: {=_xlfn.LET( _xlpm.x, IF( COUNTIFS(Elements!$A$3:$A$300,"*"&Building!A3&"*",Elements!$B$3:$B$300,"EXT_WALL_HIGH",Elements!$D$3:$D$300,"No matches found")>0, "No components assigned to this element", IFERROR( _xlfn._xlws.FILTER(Elements!$A$3:$A$300,(ISNUMBER(SEARCH(Building!A3,Elements!$A$3:$A$300)))*(Elements!$B$3:$B$300="EXT_WALL_HIGH")), "No match" ) ), IF((_xlpm.x="No components assigned to this element")*(B3="No"),"Not required",_xlpm.x))} -> Not required | L3: {=IF( COUNTIFS(Elements!$A$3:$A$300,"*"&Building!A3&"*",Elements!$B$3:$B$300,"BASEMENT_WALL",Elements!$D$3:$D$300,"No matches found")>0, "No components assigned to this element", IFERROR( _xlfn._xlws.FILTER(Elements!$A$3:$A$300,(ISNUMBER(SEARCH(Building!A3,Elements!$A$3:$A$300)))*(Elements!$B$3:$B$300="BASEMENT_WALL")), "No match" ))} -> CMF_1940_1_BASEMENT_WALL | M3: {=IF( COUNTIFS(Elements!$A$3:$A$300,"*"&Building!A3&"*",Elements!$B$3:$B$300,"INT_WALL_LOADBEARING",Elements!$D$3:$D$300,"No matches found")>0, "No components assigned to this element", IFERROR( _xlfn._xlws.FILTER(Elements!$A$3:$A$300,(ISNUMBER(SEARCH(Building!A3,Elements!$A$3:$A$300)))*(Elements!$B$3:$B$300="INT_WALL_LOADBEARING")), "No match" ))} -> CMF_1940_1_INT_WALL_LOADBEARING | N3: {=IF( COUNTIFS(Elements!$A$3:$A$300,"*"&Building!A3&"*",Elements!$B$3:$B$300,"INT_WALL_NONLOADBEARING",Elements!$D$3:$D$300,"No matches found")>0, "No components assigned to this element", IFERROR( _xlfn._xlws.FILTER(Elements!$A$3:$A$300,(ISNUMBER(SEARCH(Building!A3,Elements!$A$3:$A$300)))*(Elements!$B$3:$B$300="INT_WALL_NONLOADBEARING")), "No match" ))} -> CMF_1940_1_INT_WALL_NONLOADBEARING
A4: CMF_1950 | B4: Yes | C4: {=IF( COUNTIFS(Elements!$A$3:$A$300,"*"&Building!A4&"*",Elements!$B$3:$B$300,"ROOF",Elements!$D$3:$D$300,"No matches found")>0, "No components assigned to this element", IFERROR( _xlfn._xlws.FILTER(Elements!$A$3:$A$300,(ISNUMBER(SEARCH(Building!A4,Elements!$A$3:$A$300)))*(Elements!$B$3:$B$300="ROOF")), "No match" ))} -> CMF_1950_ROOF | D4: {=IF( COUNTIFS(Elements!$A$3:$A$300,"*"&Building!A4&"*",Elements!$B$3:$B$300,"TOP_FLOOR",Elements!$D$3:$D$300,"No matches found")>0, "No components assigned to this element", IFERROR( _xlfn._xlws.FILTER(Elements!$A$3:$A$300,(ISNUMBER(SEARCH(Building!A4,Elements!$A$3:$A$300)))*(Elements!$B$3:$B$300="TOP_FLOOR")), "No match" ))} -> CMF_1950_TOP_FLOOR | E4: {=IF( COUNTIFS(Elements!$A$3:$A$300,"*"&Building!A4&"*",Elements!$B$3:$B$300,"INTERMEDIATE_FLOOR",Elements!$D$3:$D$300,"No matches found")>0, "No components assigned to this element", IFERROR( _xlfn._xlws.FILTER(Elements!$A$3:$A$300,(ISNUMBER(SEARCH(Building!A4,Elements!$A$3:$A$300)))*(Elements!$B$3:$B$300="INTERMEDIATE_FLOOR")), "No match" ))} -> CMF_1950_INTERMEDIATE_FLOOR | F4: {=IF( COUNTIFS(Elements!$A$3:$A$300,"*"&Building!A4&"*",Elements!$B$3:$B$300,"GROUND_FLOOR",Elements!$D$3:$D$300,"No matches found")>0, "No components assigned to this element", IFERROR( _xlfn._xlws.FILTER(Elements!$A$3:$A$300,(ISNUMBER(SEARCH(Building!A4,Elements!$A$3:$A$300)))*(Elements!$B$3:$B$300="GROUND_FLOOR")), "No match" ))} -> CMF_1950_GROUND_FLOOR | G4: {=IF( COUNTIFS(Elements!$A$3:$A$300,"*"&Building!A4&"*",Elements!$B$3:$B$300,"BASEMENT_FLOOR",Elements!$D$3:$D$300,"No matches found")>0, "No components assigned to this element", IFERROR( _xlfn._xlws.FILTER(Elements!$A$3:$A$300,(ISNUMBER(SEARCH(Building!A4,Elements!$A$3:$A$300)))*(Elements!$B$3:$B$300="BASEMENT_FLOOR")), "No match" ))} -> CMF_1950_BASEMENT_FLOOR | H4: {=_xlfn.LET( _xlpm.x, IF( COUNTIFS(Elements!$A$3:$A$300,"*"&Building!A4&"*",Elements!$B$3:$B$300,"EXT_WALL",Elements!$D$3:$D$300,"No matches found")>0, "No components assigned to this element", IFERROR( _xlfn._xlws.FILTER(Elements!$A$3:$A$300,(ISNUMBER(SEARCH(Building!A4,Elements!$A$3:$A$300)))*(Elements!$B$3:$B$300="EXT_WALL")), "No match" ) ), IF((_xlpm.x="No components assigned to this element")*(B4="Yes"),"Not required",_xlpm.x) )} -> Not required | I4: {=_xlfn.LET( _xlpm.x, IF( COUNTIFS(Elements!$A$3:$A$300,"*"&Building!A4&"*",Elements!$B$3:$B$300,"EXT_WALL_LOW",Elements!$D$3:$D$300,"No matches found")>0, "No components assigned to this element", IFERROR( _xlfn._xlws.FILTER(Elements!$A$3:$A$300,(ISNUMBER(SEARCH(Building!A4,Elements!$A$3:$A$300)))*(Elements!$B$3:$B$300="EXT_WALL_LOW")), "No match" ) ), IF((_xlpm.x="No components assigned to this element")*(B4="No"),"Not required",_xlpm.x) )} -> CMF_1950_EXT_WALL_LOW | J4: {=_xlfn.LET( _xlpm.x, IF( COUNTIFS(Elements!$A$3:$A$300,"*"&Building!A4&"*",Elements!$B$3:$B$300,"EXT_WALL_MEDIUM",Elements!$D$3:$D$300,"No matches found")>0, "No components assigned to this element", IFERROR( _xlfn._xlws.FILTER(Elements!$A$3:$A$300,(ISNUMBER(SEARCH(Building!A4,Elements!$A$3:$A$300)))*(Elements!$B$3:$B$300="EXT_WALL_MEDIUM")), "No match" ) ), IF((_xlpm.x="No components assigned to this element")*(B4="No"),"Not required",_xlpm.x))} -> CMF_1950_EXT_WALL_MEDIUM | K4: {=_xlfn.LET( _xlpm.x, IF( COUNTIFS(Elements!$A$3:$A$300,"*"&Building!A4&"*",Elements!$B$3:$B$300,"EXT_WALL_HIGH",Elements!$D$3:$D$300,"No matches found")>0, "No components assigned to this element", IFERROR( _xlfn._xlws.FILTER(Elements!$A$3:$A$300,(ISNUMBER(SEARCH(Building!A4,Elements!$A$3:$A$300)))*(Elements!$B$3:$B$300="EXT_WALL_HIGH")), "No match" ) ), IF((_xlpm.x="No components assigned to this element")*(B4="No"),"Not required",_xlpm.x))} -> CMF_1950_EXT_WALL_HIGH | L4: {=IF( COUNTIFS(Elements!$A$3:$A$300,"*"&Building!A4&"*",Elements!$B$3:$B$300,"BASEMENT_WALL",Elements!$D$3:$D$300,"No matches found")>0, "No components assigned to this element", IFERROR( _xlfn._xlws.FILTER(Elements!$A$3:$A$300,(ISNUMBER(SEARCH(Building!A4,Elements!$A$3:$A$300)))*(Elements!$B$3:$B$300="BASEMENT_WALL")), "No match" ))} -> CMF_1950_BASEMENT_WALL | M4: {=IF( COUNTIFS(Elements!$A$3:$A$300,"*"&Building!A4&"*",Elements!$B$3:$B$300,"INT_WALL_LOADBEARING",Elements!$D$3:$D$300,"No matches found")>0, "No components assigned to this element", IFERROR( _xlfn._xlws.FILTER(Elements!$A$3:$A$300,(ISNUMBER(SEARCH(Building!A4,Elements!$A$3:$A$300)))*(Elements!$B$3:$B$300="INT_WALL_LOADBEARING")), "No match" ))} -> CMF_1950_INT_WALL_LOADBEARING | N4: {=IF( COUNTIFS(Elements!$A$3:$A$300,"*"&Building!A4&"*",Elements!$B$3:$B$300,"INT_WALL_NONLOADBEARING",Elements!$D$3:$D$300,"No matches found")>0, "No components assigned to this element", IFERROR( _xlfn._xlws.FILTER(Elements!$A$3:$A$300,(ISNUMBER(SEARCH(Building!A4,Elements!$A$3:$A$300)))*(Elements!$B$3:$B$300="INT_WALL_NONLOADBEARING")), "No match" ))} -> CMF_1950_INT_WALL_NONLOADBEARING
A5: CMF_1960_1 | B5: No | C5: {=IF( COUNTIFS(Elements!$A$3:$A$300,"*"&Building!A5&"*",Elements!$B$3:$B$300,"ROOF",Elements!$D$3:$D$300,"No matches found")>0, "No components assigned to this element", IFERROR( _xlfn._xlws.FILTER(Elements!$A$3:$A$300,(ISNUMBER(SEARCH(Building!A5,Elements!$A$3:$A$300)))*(Elements!$B$3:$B$300="ROOF")), "No match" ))} -> CMF_1960_1_ROOF | D5: {=IF( COUNTIFS(Elements!$A$3:$A$300,"*"&Building!A5&"*",Elements!$B$3:$B$300,"TOP_FLOOR",Elements!$D$3:$D$300,"No matches found")>0, "No components assigned to this element", IFERROR( _xlfn._xlws.FILTER(Elements!$A$3:$A$300,(ISNUMBER(SEARCH(Building!A5,Elements!$A$3:$A$300)))*(Elements!$B$3:$B$300="TOP_FLOOR")), "No match" ))} -> CMF_1960_1_TOP_FLOOR | E5: {=IF( COUNTIFS(Elements!$A$3:$A$300,"*"&Building!A5&"*",Elements!$B$3:$B$300,"INTERMEDIATE_FLOOR",Elements!$D$3:$D$300,"No matches found")>0, "No components assigned to this element", IFERROR( _xlfn._xlws.FILTER(Elements!$A$3:$A$300,(ISNUMBER(SEARCH(Building!A5,Elements!$A$3:$A$300)))*(Elements!$B$3:$B$300="INTERMEDIATE_FLOOR")), "No match" ))} -> CMF_1960_1_INTERMEDIATE_FLOOR | F5: {=IF( COUNTIFS(Elements!$A$3:$A$300,"*"&Building!A5&"*",Elements!$B$3:$B$300,"GROUND_FLOOR",Elements!$D$3:$D$300,"No matches found")>0, "No components assigned to this element", IFERROR( _xlfn._xlws.FILTER(Elements!$A$3:$A$300,(ISNUMBER(SEARCH(Building!A5,Elements!$A$3:$A$300)))*(Elements!$B$3:$B$300="GROUND_FLOOR")), "No match" ))} -> CMF_1960_1_GROUND_FLOOR | G5: {=IF( COUNTIFS(Elements!$A$3:$A$300,"*"&Building!A5&"*",Elements!$B$3:$B$300,"BASEMENT_FLOOR",Elements!$D$3:$D$300,"No matches found")>0, "No components assigned to this element", IFERROR( _xlfn._xlws.FILTER(Elements!$A$3:$A$300,(ISNUMBER(SEARCH(Building!A5,Elements!$A$3:$A$300)))*(Elements!$B$3:$B$300="BASEMENT_FLOOR")), "No match" ))} -> CMF_1960_1_BASEMENT_FLOOR | H5: {=_xlfn.LET( _xlpm.x, IF( COUNTIFS(Elements!$A$3:$A$300,"*"&Building!A5&"*",Elements!$B$3:$B$300,"EXT_WALL",Elements!$D$3:$D$300,"No matches found")>0, "No components assigned to this element", IFERROR( _xlfn._xlws.FILTER(Elements!$A$3:$A$300,(ISNUMBER(SEARCH(Building!A5,Elements!$A$3:$A$300)))*(Elements!$B$3:$B$300="EXT_WALL")), "No match" ) ), IF((_xlpm.x="No components assigned to this element")*(B5="Yes"),"Not required",_xlpm.x) )} -> CMF_1960_1_EXT_WALL | I5: {=_xlfn.LET( _xlpm.x, IF( COUNTIFS(Elements!$A$3:$A$300,"*"&Building!A5&"*",Elements!$B$3:$B$300,"EXT_WALL_LOW",Elements!$D$3:$D$300,"No matches found")>0, "No components assigned to this element", IFERROR( _xlfn._xlws.FILTER(Elements!$A$3:$A$300,(ISNUMBER(SEARCH(Building!A5,Elements!$A$3:$A$300)))*(Elements!$B$3:$B$300="EXT_WALL_LOW")), "No match" ) ), IF((_xlpm.x="No components assigned to this element")*(B5="No"),"Not required",_xlpm.x) )} -> Not required | J5: {=_xlfn.LET( _xlpm.x, IF( COUNTIFS(Elements!$A$3:$A$300,"*"&Building!A5&"*",Elements!$B$3:$B$300,"EXT_WALL_MEDIUM",Elements!$D$3:$D$300,"No matches found")>0, "No components assigned to this element", IFERROR( _xlfn._xlws.FILTER(Elements!$A$3:$A$300,(ISNUMBER(SEARCH(Building!A5,Elements!$A$3:$A$300)))*(Elements!$B$3:$B$300="EXT_WALL_MEDIUM")), "No match" ) ), IF((_xlpm.x="No components assigned to this element")*(B5="No"),"Not required",_xlpm.x))} -> Not required | K5: {=_xlfn.LET( _xlpm.x, IF( COUNTIFS(Elements!$A$3:$A$300,"*"&Building!A5&"*",Elements!$B$3:$B$300,"EXT_WALL_HIGH",Elements!$D$3:$D$300,"No matches found")>0, "No components assigned to this element", IFERROR( _xlfn._xlws.FILTER(Elements!$A$3:$A$300,(ISNUMBER(SEARCH(Building!A5,Elements!$A$3:$A$300)))*(Elements!$B$3:$B$300="EXT_WALL_HIGH")), "No match" ) ), IF((_xlpm.x="No components assigned to this element")*(B5="No"),"Not required",_xlpm.x))} -> Not required | L5: {=IF( COUNTIFS(Elements!$A$3:$A$300,"*"&Building!A5&"*",Elements!$B$3:$B$300,"BASEMENT_WALL",Elements!$D$3:$D$300,"No matches found")>0, "No components assigned to this element", IFERROR( _xlfn._xlws.FILTER(Elements!$A$3:$A$300,(ISNUMBER(SEARCH(Building!A5,Elements!$A$3:$A$300)))*(Elements!$B$3:$B$300="BASEMENT_WALL")), "No match" ))} -> CMF_1960_1_BASEMENT_WALL | M5: {=IF( COUNTIFS(Elements!$A$3:$A$300,"*"&Building!A5&"*",Elements!$B$3:$B$300,"INT_WALL_LOADBEARING",Elements!$D$3:$D$300,"No matches found")>0, "No components assigned to this element", IFERROR( _xlfn._xlws.FILTER(Elements!$A$3:$A$300,(ISNUMBER(SEARCH(Building!A5,Elements!$A$3:$A$300)))*(Elements!$B$3:$B$300="INT_WALL_LOADBEARING")), "No match" ))} -> CMF_1960_1_INT_WALL_LOADBEARING | N5: {=IF( COUNTIFS(Elements!$A$3:$A$300,"*"&Building!A5&"*",Elements!$B$3:$B$300,"INT_WALL_NONLOADBEARING",Elements!$D$3:$D$300,"No matches found")>0, "No components assigned to this element", IFERROR( _xlfn._xlws.FILTER(Elements!$A$3:$A$300,(ISNUMBER(SEARCH(Building!A5,Elements!$A$3:$A$300)))*(Elements!$B$3:$B$300="INT_WALL_NONLOADBEARING")), "No match" ))} -> CMF_1960_1_INT_WALL_NONLOADBEARING
A6: CMF_1960_2 | B6: No | C6: {=IF( COUNTIFS(Elements!$A$3:$A$300,"*"&Building!A6&"*",Elements!$B$3:$B$300,"ROOF",Elements!$D$3:$D$300,"No matches found")>0, "No components assigned to this element", IFERROR( _xlfn._xlws.FILTER(Elements!$A$3:$A$300,(ISNUMBER(SEARCH(Building!A6,Elements!$A$3:$A$300)))*(Elements!$B$3:$B$300="ROOF")), "No match" ))} -> CMF_1960_2_ROOF | D6: {=IF( COUNTIFS(Elements!$A$3:$A$300,"*"&Building!A6&"*",Elements!$B$3:$B$300,"TOP_FLOOR",Elements!$D$3:$D$300,"No matches found")>0, "No components assigned to this element", IFERROR( _xlfn._xlws.FILTER(Elements!$A$3:$A$300,(ISNUMBER(SEARCH(Building!A6,Elements!$A$3:$A$300)))*(Elements!$B$3:$B$300="TOP_FLOOR")), "No match" ))} -> CMF_1960_2_TOP_FLOOR | E6: {=IF( COUNTIFS(Elements!$A$3:$A$300,"*"&Building!A6&"*",Elements!$B$3:$B$300,"INTERMEDIATE_FLOOR",Elements!$D$3:$D$300,"No matches found")>0, "No components assigned to this element", IFERROR( _xlfn._xlws.FILTER(Elements!$A$3:$A$300,(ISNUMBER(SEARCH(Building!A6,Elements!$A$3:$A$300)))*(Elements!$B$3:$B$300="INTERMEDIATE_FLOOR")), "No match" ))} -> CMF_1960_2_INTERMEDIATE_FLOOR | F6: {=IF( COUNTIFS(Elements!$A$3:$A$300,"*"&Building!A6&"*",Elements!$B$3:$B$300,"GROUND_FLOOR",Elements!$D$3:$D$300,"No matches found")>0, "No components assigned to this element", IFERROR( _xlfn._xlws.FILTER(Elements!$A$3:$A$300,(ISNUMBER(SEARCH(Building!A6,Elements!$A$3:$A$300)))*(Elements!$B$3:$B$300="GROUND_FLOOR")), "No match" ))} -> CMF_1960_2_GROUND_FLOOR | G6: {=IF( COUNTIFS(Elements!$A$3:$A$300,"*"&Building!A6&"*",Elements!$B$3:$B$300,"BASEMENT_FLOOR",Elements!$D$3:$D$300,"No matches found")>0, "No components assigned to this element", IFERROR( _xlfn._xlws.FILTER(Elements!$A$3:$A$300,(ISNUMBER(SEARCH(Building!A6,Elements!$A$3:$A$300)))*(Elements!$B$3:$B$300="BASEMENT_FLOOR")), "No match" ))} -> CMF_1960_2_BASEMENT_FLOOR | H6: {=_xlfn.LET( _xlpm.x, IF( COUNTIFS(Elements!$A$3:$A$300,"*"&Building!A6&"*",Elements!$B$3:$B$300,"EXT_WALL",Elements!$D$3:$D$300,"No matches found")>0, "No components assigned to this element", IFERROR( _xlfn._xlws.FILTER(Elements!$A$3:$A$300,(ISNUMBER(SEARCH(Building!A6,Elements!$A$3:$A$300)))*(Elements!$B$3:$B$300="EXT_WALL")), "No match" ) ), IF((_xlpm.x="No components assigned to this element")*(B6="Yes"),"Not required",_xlpm.x) )} -> CMF_1960_2_EXT_WALL | I6: {=_xlfn.LET( _xlpm.x, IF( COUNTIFS(Elements!$A$3:$A$300,"*"&Building!A6&"*",Elements!$B$3:$B$300,"EXT_WALL_LOW",Elements!$D$3:$D$300,"No matches found")>0, "No components assigned to this element", IFERROR( _xlfn._xlws.FILTER(Elements!$A$3:$A$300,(ISNUMBER(SEARCH(Building!A6,Elements!$A$3:$A$300)))*(Elements!$B$3:$B$300="EXT_WALL_LOW")), "No match" ) ), IF((_xlpm.x="No components assigned to this element")*(B6="No"),"Not required",_xlpm.x) )} -> Not required | J6: {=_xlfn.LET( _xlpm.x, IF( COUNTIFS(Elements!$A$3:$A$300,"*"&Building!A6&"*",Elements!$B$3:$B$300,"EXT_WALL_MEDIUM",Elements!$D$3:$D$300,"No matches found")>0, "No components assigned to this element", IFERROR( _xlfn._xlws.FILTER(Elements!$A$3:$A$300,(ISNUMBER(SEARCH(Building!A6,Elements!$A$3:$A$300)))*(Elements!$B$3:$B$300="EXT_WALL_MEDIUM")), "No match" ) ), IF((_xlpm.x="No components assigned to this element")*(B6="No"),"Not required",_xlpm.x))} -> Not required | K6: {=_xlfn.LET( _xlpm.x, IF( COUNTIFS(Elements!$A$3:$A$300,"*"&Building!A6&"*",Elements!$B$3:$B$300,"EXT_WALL_HIGH",Elements!$D$3:$D$300,"No matches found")>0, "No components assigned to this element", IFERROR( _xlfn._xlws.FILTER(Elements!$A$3:$A$300,(ISNUMBER(SEARCH(Building!A6,Elements!$A$3:$A$300)))*(Elements!$B$3:$B$300="EXT_WALL_HIGH")), "No match" ) ), IF((_xlpm.x="No components assigned to this element")*(B6="No"),"Not required",_xlpm.x))} -> Not required | L6: {=IF( COUNTIFS(Elements!$A$3:$A$300,"*"&Building!A6&"*",Elements!$B$3:$B$300,"BASEMENT_WALL",Elements!$D$3:$D$300,"No matches found")>0, "No components assigned to this element", IFERROR( _xlfn._xlws.FILTER(Elements!$A$3:$A$300,(ISNUMBER(SEARCH(Building!A6,Elements!$A$3:$A$300)))*(Elements!$B$3:$B$300="BASEMENT_WALL")), "No match" ))} -> CMF_1960_2_BASEMENT_WALL | M6: {=IF( COUNTIFS(Elements!$A$3:$A$300,"*"&Building!A6&"*",Elements!$B$3:$B$300,"INT_WALL_LOADBEARING",Elements!$D$3:$D$300,"No matches found")>0, "No components assigned to this element", IFERROR( _xlfn._xlws.FILTER(Elements!$A$3:$A$300,(ISNUMBER(SEARCH(Building!A6,Elements!$A$3:$A$300)))*(Elements!$B$3:$B$300="INT_WALL_LOADBEARING")), "No match" ))} -> CMF_1960_2_INT_WALL_LOADBEARING | N6: {=IF( COUNTIFS(Elements!$A$3:$A$300,"*"&Building!A6&"*",Elements!$B$3:$B$300,"INT_WALL_NONLOADBEARING",Elements!$D$3:$D$300,"No matches found")>0, "No components assigned to this element", IFERROR( _xlfn._xlws.FILTER(Elements!$A$3:$A$300,(ISNUMBER(SEARCH(Building!A6,Elements!$A$3:$A$300)))*(Elements!$B$3:$B$300="INT_WALL_NONLOADBEARING")), "No match" ))} -> CMF_1960_2_INT_WALL_NONLOADBEARING
A7: CMF_1970 | B7: No | C7: {=IF( COUNTIFS(Elements!$A$3:$A$300,"*"&Building!A7&"*",Elements!$B$3:$B$300,"ROOF",Elements!$D$3:$D$300,"No matches found")>0, "No components assigned to this element", IFERROR( _xlfn._xlws.FILTER(Elements!$A$3:$A$300,(ISNUMBER(SEARCH(Building!A7,Elements!$A$3:$A$300)))*(Elements!$B$3:$B$300="ROOF")), "No match" ))} -> CMF_1970_ROOF | D7: {=IF( COUNTIFS(Elements!$A$3:$A$300,"*"&Building!A7&"*",Elements!$B$3:$B$300,"TOP_FLOOR",Elements!$D$3:$D$300,"No matches found")>0, "No components assigned to this element", IFERROR( _xlfn._xlws.FILTER(Elements!$A$3:$A$300,(ISNUMBER(SEARCH(Building!A7,Elements!$A$3:$A$300)))*(Elements!$B$3:$B$300="TOP_FLOOR")), "No match" ))} -> CMF_1970_TOP_FLOOR | E7: {=IF( COUNTIFS(Elements!$A$3:$A$300,"*"&Building!A7&"*",Elements!$B$3:$B$300,"INTERMEDIATE_FLOOR",Elements!$D$3:$D$300,"No matches found")>0, "No components assigned to this element", IFERROR( _xlfn._xlws.FILTER(Elements!$A$3:$A$300,(ISNUMBER(SEARCH(Building!A7,Elements!$A$3:$A$300)))*(Elements!$B$3:$B$300="INTERMEDIATE_FLOOR")), "No match" ))} -> CMF_1970_INTERMEDIATE_FLOOR | F7: {=IF( COUNTIFS(Elements!$A$3:$A$300,"*"&Building!A7&"*",Elements!$B$3:$B$300,"GROUND_FLOOR",Elements!$D$3:$D$300,"No matches found")>0, "No components assigned to this element", IFERROR( _xlfn._xlws.FILTER(Elements!$A$3:$A$300,(ISNUMBER(SEARCH(Building!A7,Elements!$A$3:$A$300)))*(Elements!$B$3:$B$300="GROUND_FLOOR")), "No match" ))} -> CMF_1970_GROUND_FLOOR | G7: {=IF( COUNTIFS(Elements!$A$3:$A$300,"*"&Building!A7&"*",Elements!$B$3:$B$300,"BASEMENT_FLOOR",Elements!$D$3:$D$300,"No matches found")>0, "No components assigned to this element", IFERROR( _xlfn._xlws.FILTER(Elements!$A$3:$A$300,(ISNUMBER(SEARCH(Building!A7,Elements!$A$3:$A$300)))*(Elements!$B$3:$B$300="BASEMENT_FLOOR")), "No match" ))} -> CMF_1970_BASEMENT_FLOOR | H7: {=_xlfn.LET( _xlpm.x, IF( COUNTIFS(Elements!$A$3:$A$300,"*"&Building!A7&"*",Elements!$B$3:$B$300,"EXT_WALL",Elements!$D$3:$D$300,"No matches found")>0, "No components assigned to this element", IFERROR( _xlfn._xlws.FILTER(Elements!$A$3:$A$300,(ISNUMBER(SEARCH(Building!A7,Elements!$A$3:$A$300)))*(Elements!$B$3:$B$300="EXT_WALL")), "No match" ) ), IF((_xlpm.x="No components assigned to this element")*(B7="Yes"),"Not required",_xlpm.x) )} -> CMF_1970_EXT_WALL | I7: {=_xlfn.LET( _xlpm.x, IF( COUNTIFS(Elements!$A$3:$A$300,"*"&Building!A7&"*",Elements!$B$3:$B$300,"EXT_WALL_LOW",Elements!$D$3:$D$300,"No matches found")>0, "No components assigned to this element", IFERROR( _xlfn._xlws.FILTER(Elements!$A$3:$A$300,(ISNUMBER(SEARCH(Building!A7,Elements!$A$3:$A$300)))*(Elements!$B$3:$B$300="EXT_WALL_LOW")), "No match" ) ), IF((_xlpm.x="No components assigned to this element")*(B7="No"),"Not required",_xlpm.x) )} -> Not required | J7: {=_xlfn.LET( _xlpm.x, IF( COUNTIFS(Elements!$A$3:$A$300,"*"&Building!A7&"*",Elements!$B$3:$B$300,"EXT_WALL_MEDIUM",Elements!$D$3:$D$300,"No matches found")>0, "No components assigned to this element", IFERROR( _xlfn._xlws.FILTER(Elements!$A$3:$A$300,(ISNUMBER(SEARCH(Building!A7,Elements!$A$3:$A$300)))*(Elements!$B$3:$B$300="EXT_WALL_MEDIUM")), "No match" ) ), IF((_xlpm.x="No components assigned to this element")*(B7="No"),"Not required",_xlpm.x))} -> Not required | K7: {=_xlfn.LET( _xlpm.x, IF( COUNTIFS(Elements!$A$3:$A$300,"*"&Building!A7&"*",Elements!$B$3:$B$300,"EXT_WALL_HIGH",Elements!$D$3:$D$300,"No matches found")>0, "No components assigned to this element", IFERROR( _xlfn._xlws.FILTER(Elements!$A$3:$A$300,(ISNUMBER(SEARCH(Building!A7,Elements!$A$3:$A$300)))*(Elements!$B$3:$B$300="EXT_WALL_HIGH")), "No match" ) ), IF((_xlpm.x="No components assigned to this element")*(B7="No"),"Not required",_xlpm.x))} -> Not required | L7: {=IF( COUNTIFS(Elements!$A$3:$A$300,"*"&Building!A7&"*",Elements!$B$3:$B$300,"BASEMENT_WALL",Elements!$D$3:$D$300,"No matches found")>0, "No components assigned to this element", IFERROR( _xlfn._xlws.FILTER(Elements!$A$3:$A$300,(ISNUMBER(SEARCH(Building!A7,Elements!$A$3:$A$300)))*(Elements!$B$3:$B$300="BASEMENT_WALL")), "No match" ))} -> CMF_1970_BASEMENT_WALL | M7: {=IF( COUNTIFS(Elements!$A$3:$A$300,"*"&Building!A7&"*",Elements!$B$3:$B$300,"INT_WALL_LOADBEARING",Elements!$D$3:$D$300,"No matches found")>0, "No components assigned to this element", IFERROR( _xlfn._xlws.FILTER(Elements!$A$3:$A$300,(ISNUMBER(SEARCH(Building!A7,Elements!$A$3:$A$300)))*(Elements!$B$3:$B$300="INT_WALL_LOADBEARING")), "No match" ))} -> CMF_1970_INT_WALL_LOADBEARING | N7: {=IF( COUNTIFS(Elements!$A$3:$A$300,"*"&Building!A7&"*",Elements!$B$3:$B$300,"INT_WALL_NONLOADBEARING",Elements!$D$3:$D$300,"No matches found")>0, "No components assigned to this element", IFERROR( _xlfn._xlws.FILTER(Elements!$A$3:$A$300,(ISNUMBER(SEARCH(Building!A7,Elements!$A$3:$A$300)))*(Elements!$B$3:$B$300="INT_WALL_NONLOADBEARING")), "No match" ))} -> CMF_1970_INT_WALL_NONLOADBEARING
A8: CMF_1980 | B8: No | C8: {=IF( COUNTIFS(Elements!$A$3:$A$300,"*"&Building!A8&"*",Elements!$B$3:$B$300,"ROOF",Elements!$D$3:$D$300,"No matches found")>0, "No components assigned to this element", IFERROR( _xlfn._xlws.FILTER(Elements!$A$3:$A$300,(ISNUMBER(SEARCH(Building!A8,Elements!$A$3:$A$300)))*(Elements!$B$3:$B$300="ROOF")), "No match" ))} -> CMF_1980_ROOF | D8: {=IF( COUNTIFS(Elements!$A$3:$A$300,"*"&Building!A8&"*",Elements!$B$3:$B$300,"TOP_FLOOR",Elements!$D$3:$D$300,"No matches found")>0, "No components assigned to this element", IFERROR( _xlfn._xlws.FILTER(Elements!$A$3:$A$300,(ISNUMBER(SEARCH(Building!A8,Elements!$A$3:$A$300)))*(Elements!$B$3:$B$300="TOP_FLOOR")), "No match" ))} -> CMF_1980_TOP_FLOOR | E8: {=IF( COUNTIFS(Elements!$A$3:$A$300,"*"&Building!A8&"*",Elements!$B$3:$B$300,"INTERMEDIATE_FLOOR",Elements!$D$3:$D$300,"No matches found")>0, "No components assigned to this element", IFERROR( _xlfn._xlws.FILTER(Elements!$A$3:$A$300,(ISNUMBER(SEARCH(Building!A8,Elements!$A$3:$A$300)))*(Elements!$B$3:$B$300="INTERMEDIATE_FLOOR")), "No match" ))} -> CMF_1980_INTERMEDIATE_FLOOR | F8: {=IF( COUNTIFS(Elements!$A$3:$A$300,"*"&Building!A8&"*",Elements!$B$3:$B$300,"GROUND_FLOOR",Elements!$D$3:$D$300,"No matches found")>0, "No components assigned to this element", IFERROR( _xlfn._xlws.FILTER(Elements!$A$3:$A$300,(ISNUMBER(SEARCH(Building!A8,Elements!$A$3:$A$300)))*(Elements!$B$3:$B$300="GROUND_FLOOR")), "No match" ))} -> CMF_1980_GROUND_FLOOR | G8: {=IF( COUNTIFS(Elements!$A$3:$A$300,"*"&Building!A8&"*",Elements!$B$3:$B$300,"BASEMENT_FLOOR",Elements!$D$3:$D$300,"No matches found")>0, "No components assigned to this element", IFERROR( _xlfn._xlws.FILTER(Elements!$A$3:$A$300,(ISNUMBER(SEARCH(Building!A8,Elements!$A$3:$A$300)))*(Elements!$B$3:$B$300="BASEMENT_FLOOR")), "No match" ))} -> CMF_1980_BASEMENT_FLOOR | H8: {=_xlfn.LET( _xlpm.x, IF( COUNTIFS(Elements!$A$3:$A$300,"*"&Building!A8&"*",Elements!$B$3:$B$300,"EXT_WALL",Elements!$D$3:$D$300,"No matches found")>0, "No components assigned to this element", IFERROR( _xlfn._xlws.FILTER(Elements!$A$3:$A$300,(ISNUMBER(SEARCH(Building!A8,Elements!$A$3:$A$300)))*(Elements!$B$3:$B$300="EXT_WALL")), "No match" ) ), IF((_xlpm.x="No components assigned to this element")*(B8="Yes"),"Not required",_xlpm.x) )} -> CMF_1980_EXT_WALL | I8: {=_xlfn.LET( _xlpm.x, IF( COUNTIFS(Elements!$A$3:$A$300,"*"&Building!A8&"*",Elements!$B$3:$B$300,"EXT_WALL_LOW",Elements!$D$3:$D$300,"No matches found")>0, "No components assigned to this element", IFERROR( _xlfn._xlws.FILTER(Elements!$A$3:$A$300,(ISNUMBER(SEARCH(Building!A8,Elements!$A$3:$A$300)))*(Elements!$B$3:$B$300="EXT_WALL_LOW")), "No match" ) ), IF((_xlpm.x="No components assigned to this element")*(B8="No"),"Not required",_xlpm.x) )} -> Not required | J8: {=_xlfn.LET( _xlpm.x, IF( COUNTIFS(Elements!$A$3:$A$300,"*"&Building!A8&"*",Elements!$B$3:$B$300,"EXT_WALL_MEDIUM",Elements!$D$3:$D$300,"No matches found")>0, "No components assigned to this element", IFERROR( _xlfn._xlws.FILTER(Elements!$A$3:$A$300,(ISNUMBER(SEARCH(Building!A8,Elements!$A$3:$A$300)))*(Elements!$B$3:$B$300="EXT_WALL_MEDIUM")), "No match" ) ), IF((_xlpm.x="No components assigned to this element")*(B8="No"),"Not required",_xlpm.x))} -> Not required | K8: {=_xlfn.LET( _xlpm.x, IF( COUNTIFS(Elements!$A$3:$A$300,"*"&Building!A8&"*",Elements!$B$3:$B$300,"EXT_WALL_HIGH",Elements!$D$3:$D$300,"No matches found")>0, "No components assigned to this element", IFERROR( _xlfn._xlws.FILTER(Elements!$A$3:$A$300,(ISNUMBER(SEARCH(Building!A8,Elements!$A$3:$A$300)))*(Elements!$B$3:$B$300="EXT_WALL_HIGH")), "No match" ) ), IF((_xlpm.x="No components assigned to this element")*(B8="No"),"Not required",_xlpm.x))} -> Not required | L8: {=IF( COUNTIFS(Elements!$A$3:$A$300,"*"&Building!A8&"*",Elements!$B$3:$B$300,"BASEMENT_WALL",Elements!$D$3:$D$300,"No matches found")>0, "No components assigned to this element", IFERROR( _xlfn._xlws.FILTER(Elements!$A$3:$A$300,(ISNUMBER(SEARCH(Building!A8,Elements!$A$3:$A$300)))*(Elements!$B$3:$B$300="BASEMENT_WALL")), "No match" ))} -> CMF_1980_BASEMENT_WALL | M8: {=IF( COUNTIFS(Elements!$A$3:$A$300,"*"&Building!A8&"*",Elements!$B$3:$B$300,"INT_WALL_LOADBEARING",Elements!$D$3:$D$300,"No matches found")>0, "No components assigned to this element", IFERROR( _xlfn._xlws.FILTER(Elements!$A$3:$A$300,(ISNUMBER(SEARCH(Building!A8,Elements!$A$3:$A$300)))*(Elements!$B$3:$B$300="INT_WALL_LOADBEARING")), "No match" ))} -> CMF_1980_INT_WALL_LOADBEARING | N8: {=IF( COUNTIFS(Elements!$A$3:$A$300,"*"&Building!A8&"*",Elements!$B$3:$B$300,"INT_WALL_NONLOADBEARING",Elements!$D$3:$D$300,"No matches found")>0, "No components assigned to this element", IFERROR( _xlfn._xlws.FILTER(Elements!$A$3:$A$300,(ISNUMBER(SEARCH(Building!A8,Elements!$A$3:$A$300)))*(Elements!$B$3:$B$300="INT_WALL_NONLOADBEARING")), "No match" ))} -> CMF_1980_INT_WALL_NONLOADBEARING

Sheet Dropdowns
B1: Application | E1: Shearing Layers | G1: Archetypes
B3: ROOF | E3: SKIN | G3: CMF_1940_1
B4: TOP_FLOOR | E4: STRUCTURE | G4: CMF_1950
B5: INTERMEDIATE_FLOOR | E5: SPACE | G5: CMF_1960_1
B6: GROUND_FLOOR | G6: CMF_1960_2
B7: BASEMENT_FLOOR | G7: CMF_1970
B8: EXT_WALL_LOW | G8: CMF_1980
B9: EXT_WALL_MEDIUM
B10: EXT_WALL_HIGH
B11: BASEMENT_WALL
B12: INT_WALL_LOADBEARING
B13: INT_WALL_NONLOADBEARING
B14: EXT_WALL
